column_number,column_name,unit,meaning
1,dataset,identifier,Source name; ND for local collection
2,participant_id,identifier,Random participant token; stable across visits
3,segment_id,identifier,Unique 10-second segment identifier
4,fs_hz,Hz,Sampling frequency in Hz; 125
5,SBP,mmHg,Reference systolic blood pressure in mmHg; not a predictor
6,DBP,mmHg,Reference diastolic blood pressure in mmHg; not a predictor
7,ecg_0000,normalized amplitude (unitless),ECG sample 0 at 0.000 seconds from window start
8,ecg_0001,normalized amplitude (unitless),ECG sample 1 at 0.008 seconds from window start
9,ecg_0002,normalized amplitude (unitless),ECG sample 2 at 0.016 seconds from window start
10,ecg_0003,normalized amplitude (unitless),ECG sample 3 at 0.024 seconds from window start
11,ecg_0004,normalized amplitude (unitless),ECG sample 4 at 0.032 seconds from window start
12,ecg_0005,normalized amplitude (unitless),ECG sample 5 at 0.040 seconds from window start
13,ecg_0006,normalized amplitude (unitless),ECG sample 6 at 0.048 seconds from window start
14,ecg_0007,normalized amplitude (unitless),ECG sample 7 at 0.056 seconds from window start
15,ecg_0008,normalized amplitude (unitless),ECG sample 8 at 0.064 seconds from window start
16,ecg_0009,normalized amplitude (unitless),ECG sample 9 at 0.072 seconds from window start
17,ecg_0010,normalized amplitude (unitless),ECG sample 10 at 0.080 seconds from window start
18,ecg_0011,normalized amplitude (unitless),ECG sample 11 at 0.088 seconds from window start
19,ecg_0012,normalized amplitude (unitless),ECG sample 12 at 0.096 seconds from window start
20,ecg_0013,normalized amplitude (unitless),ECG sample 13 at 0.104 seconds from window start
21,ecg_0014,normalized amplitude (unitless),ECG sample 14 at 0.112 seconds from window start
22,ecg_0015,normalized amplitude (unitless),ECG sample 15 at 0.120 seconds from window start
23,ecg_0016,normalized amplitude (unitless),ECG sample 16 at 0.128 seconds from window start
24,ecg_0017,normalized amplitude (unitless),ECG sample 17 at 0.136 seconds from window start
25,ecg_0018,normalized amplitude (unitless),ECG sample 18 at 0.144 seconds from window start
26,ecg_0019,normalized amplitude (unitless),ECG sample 19 at 0.152 seconds from window start
27,ecg_0020,normalized amplitude (unitless),ECG sample 20 at 0.160 seconds from window start
28,ecg_0021,normalized amplitude (unitless),ECG sample 21 at 0.168 seconds from window start
29,ecg_0022,normalized amplitude (unitless),ECG sample 22 at 0.176 seconds from window start
30,ecg_0023,normalized amplitude (unitless),ECG sample 23 at 0.184 seconds from window start
31,ecg_0024,normalized amplitude (unitless),ECG sample 24 at 0.192 seconds from window start
32,ecg_0025,normalized amplitude (unitless),ECG sample 25 at 0.200 seconds from window start
33,ecg_0026,normalized amplitude (unitless),ECG sample 26 at 0.208 seconds from window start
34,ecg_0027,normalized amplitude (unitless),ECG sample 27 at 0.216 seconds from window start
35,ecg_0028,normalized amplitude (unitless),ECG sample 28 at 0.224 seconds from window start
36,ecg_0029,normalized amplitude (unitless),ECG sample 29 at 0.232 seconds from window start
37,ecg_0030,normalized amplitude (unitless),ECG sample 30 at 0.240 seconds from window start
38,ecg_0031,normalized amplitude (unitless),ECG sample 31 at 0.248 seconds from window start
39,ecg_0032,normalized amplitude (unitless),ECG sample 32 at 0.256 seconds from window start
40,ecg_0033,normalized amplitude (unitless),ECG sample 33 at 0.264 seconds from window start
41,ecg_0034,normalized amplitude (unitless),ECG sample 34 at 0.272 seconds from window start
42,ecg_0035,normalized amplitude (unitless),ECG sample 35 at 0.280 seconds from window start
43,ecg_0036,normalized amplitude (unitless),ECG sample 36 at 0.288 seconds from window start
44,ecg_0037,normalized amplitude (unitless),ECG sample 37 at 0.296 seconds from window start
45,ecg_0038,normalized amplitude (unitless),ECG sample 38 at 0.304 seconds from window start
46,ecg_0039,normalized amplitude (unitless),ECG sample 39 at 0.312 seconds from window start
47,ecg_0040,normalized amplitude (unitless),ECG sample 40 at 0.320 seconds from window start
48,ecg_0041,normalized amplitude (unitless),ECG sample 41 at 0.328 seconds from window start
49,ecg_0042,normalized amplitude (unitless),ECG sample 42 at 0.336 seconds from window start
50,ecg_0043,normalized amplitude (unitless),ECG sample 43 at 0.344 seconds from window start
51,ecg_0044,normalized amplitude (unitless),ECG sample 44 at 0.352 seconds from window start
52,ecg_0045,normalized amplitude (unitless),ECG sample 45 at 0.360 seconds from window start
53,ecg_0046,normalized amplitude (unitless),ECG sample 46 at 0.368 seconds from window start
54,ecg_0047,normalized amplitude (unitless),ECG sample 47 at 0.376 seconds from window start
55,ecg_0048,normalized amplitude (unitless),ECG sample 48 at 0.384 seconds from window start
56,ecg_0049,normalized amplitude (unitless),ECG sample 49 at 0.392 seconds from window start
57,ecg_0050,normalized amplitude (unitless),ECG sample 50 at 0.400 seconds from window start
58,ecg_0051,normalized amplitude (unitless),ECG sample 51 at 0.408 seconds from window start
59,ecg_0052,normalized amplitude (unitless),ECG sample 52 at 0.416 seconds from window start
60,ecg_0053,normalized amplitude (unitless),ECG sample 53 at 0.424 seconds from window start
61,ecg_0054,normalized amplitude (unitless),ECG sample 54 at 0.432 seconds from window start
62,ecg_0055,normalized amplitude (unitless),ECG sample 55 at 0.440 seconds from window start
63,ecg_0056,normalized amplitude (unitless),ECG sample 56 at 0.448 seconds from window start
64,ecg_0057,normalized amplitude (unitless),ECG sample 57 at 0.456 seconds from window start
65,ecg_0058,normalized amplitude (unitless),ECG sample 58 at 0.464 seconds from window start
66,ecg_0059,normalized amplitude (unitless),ECG sample 59 at 0.472 seconds from window start
67,ecg_0060,normalized amplitude (unitless),ECG sample 60 at 0.480 seconds from window start
68,ecg_0061,normalized amplitude (unitless),ECG sample 61 at 0.488 seconds from window start
69,ecg_0062,normalized amplitude (unitless),ECG sample 62 at 0.496 seconds from window start
70,ecg_0063,normalized amplitude (unitless),ECG sample 63 at 0.504 seconds from window start
71,ecg_0064,normalized amplitude (unitless),ECG sample 64 at 0.512 seconds from window start
72,ecg_0065,normalized amplitude (unitless),ECG sample 65 at 0.520 seconds from window start
73,ecg_0066,normalized amplitude (unitless),ECG sample 66 at 0.528 seconds from window start
74,ecg_0067,normalized amplitude (unitless),ECG sample 67 at 0.536 seconds from window start
75,ecg_0068,normalized amplitude (unitless),ECG sample 68 at 0.544 seconds from window start
76,ecg_0069,normalized amplitude (unitless),ECG sample 69 at 0.552 seconds from window start
77,ecg_0070,normalized amplitude (unitless),ECG sample 70 at 0.560 seconds from window start
78,ecg_0071,normalized amplitude (unitless),ECG sample 71 at 0.568 seconds from window start
79,ecg_0072,normalized amplitude (unitless),ECG sample 72 at 0.576 seconds from window start
80,ecg_0073,normalized amplitude (unitless),ECG sample 73 at 0.584 seconds from window start
81,ecg_0074,normalized amplitude (unitless),ECG sample 74 at 0.592 seconds from window start
82,ecg_0075,normalized amplitude (unitless),ECG sample 75 at 0.600 seconds from window start
83,ecg_0076,normalized amplitude (unitless),ECG sample 76 at 0.608 seconds from window start
84,ecg_0077,normalized amplitude (unitless),ECG sample 77 at 0.616 seconds from window start
85,ecg_0078,normalized amplitude (unitless),ECG sample 78 at 0.624 seconds from window start
86,ecg_0079,normalized amplitude (unitless),ECG sample 79 at 0.632 seconds from window start
87,ecg_0080,normalized amplitude (unitless),ECG sample 80 at 0.640 seconds from window start
88,ecg_0081,normalized amplitude (unitless),ECG sample 81 at 0.648 seconds from window start
89,ecg_0082,normalized amplitude (unitless),ECG sample 82 at 0.656 seconds from window start
90,ecg_0083,normalized amplitude (unitless),ECG sample 83 at 0.664 seconds from window start
91,ecg_0084,normalized amplitude (unitless),ECG sample 84 at 0.672 seconds from window start
92,ecg_0085,normalized amplitude (unitless),ECG sample 85 at 0.680 seconds from window start
93,ecg_0086,normalized amplitude (unitless),ECG sample 86 at 0.688 seconds from window start
94,ecg_0087,normalized amplitude (unitless),ECG sample 87 at 0.696 seconds from window start
95,ecg_0088,normalized amplitude (unitless),ECG sample 88 at 0.704 seconds from window start
96,ecg_0089,normalized amplitude (unitless),ECG sample 89 at 0.712 seconds from window start
97,ecg_0090,normalized amplitude (unitless),ECG sample 90 at 0.720 seconds from window start
98,ecg_0091,normalized amplitude (unitless),ECG sample 91 at 0.728 seconds from window start
99,ecg_0092,normalized amplitude (unitless),ECG sample 92 at 0.736 seconds from window start
100,ecg_0093,normalized amplitude (unitless),ECG sample 93 at 0.744 seconds from window start
101,ecg_0094,normalized amplitude (unitless),ECG sample 94 at 0.752 seconds from window start
102,ecg_0095,normalized amplitude (unitless),ECG sample 95 at 0.760 seconds from window start
103,ecg_0096,normalized amplitude (unitless),ECG sample 96 at 0.768 seconds from window start
104,ecg_0097,normalized amplitude (unitless),ECG sample 97 at 0.776 seconds from window start
105,ecg_0098,normalized amplitude (unitless),ECG sample 98 at 0.784 seconds from window start
106,ecg_0099,normalized amplitude (unitless),ECG sample 99 at 0.792 seconds from window start
107,ecg_0100,normalized amplitude (unitless),ECG sample 100 at 0.800 seconds from window start
108,ecg_0101,normalized amplitude (unitless),ECG sample 101 at 0.808 seconds from window start
109,ecg_0102,normalized amplitude (unitless),ECG sample 102 at 0.816 seconds from window start
110,ecg_0103,normalized amplitude (unitless),ECG sample 103 at 0.824 seconds from window start
111,ecg_0104,normalized amplitude (unitless),ECG sample 104 at 0.832 seconds from window start
112,ecg_0105,normalized amplitude (unitless),ECG sample 105 at 0.840 seconds from window start
113,ecg_0106,normalized amplitude (unitless),ECG sample 106 at 0.848 seconds from window start
114,ecg_0107,normalized amplitude (unitless),ECG sample 107 at 0.856 seconds from window start
115,ecg_0108,normalized amplitude (unitless),ECG sample 108 at 0.864 seconds from window start
116,ecg_0109,normalized amplitude (unitless),ECG sample 109 at 0.872 seconds from window start
117,ecg_0110,normalized amplitude (unitless),ECG sample 110 at 0.880 seconds from window start
118,ecg_0111,normalized amplitude (unitless),ECG sample 111 at 0.888 seconds from window start
119,ecg_0112,normalized amplitude (unitless),ECG sample 112 at 0.896 seconds from window start
120,ecg_0113,normalized amplitude (unitless),ECG sample 113 at 0.904 seconds from window start
121,ecg_0114,normalized amplitude (unitless),ECG sample 114 at 0.912 seconds from window start
122,ecg_0115,normalized amplitude (unitless),ECG sample 115 at 0.920 seconds from window start
123,ecg_0116,normalized amplitude (unitless),ECG sample 116 at 0.928 seconds from window start
124,ecg_0117,normalized amplitude (unitless),ECG sample 117 at 0.936 seconds from window start
125,ecg_0118,normalized amplitude (unitless),ECG sample 118 at 0.944 seconds from window start
126,ecg_0119,normalized amplitude (unitless),ECG sample 119 at 0.952 seconds from window start
127,ecg_0120,normalized amplitude (unitless),ECG sample 120 at 0.960 seconds from window start
128,ecg_0121,normalized amplitude (unitless),ECG sample 121 at 0.968 seconds from window start
129,ecg_0122,normalized amplitude (unitless),ECG sample 122 at 0.976 seconds from window start
130,ecg_0123,normalized amplitude (unitless),ECG sample 123 at 0.984 seconds from window start
131,ecg_0124,normalized amplitude (unitless),ECG sample 124 at 0.992 seconds from window start
132,ecg_0125,normalized amplitude (unitless),ECG sample 125 at 1.000 seconds from window start
133,ecg_0126,normalized amplitude (unitless),ECG sample 126 at 1.008 seconds from window start
134,ecg_0127,normalized amplitude (unitless),ECG sample 127 at 1.016 seconds from window start
135,ecg_0128,normalized amplitude (unitless),ECG sample 128 at 1.024 seconds from window start
136,ecg_0129,normalized amplitude (unitless),ECG sample 129 at 1.032 seconds from window start
137,ecg_0130,normalized amplitude (unitless),ECG sample 130 at 1.040 seconds from window start
138,ecg_0131,normalized amplitude (unitless),ECG sample 131 at 1.048 seconds from window start
139,ecg_0132,normalized amplitude (unitless),ECG sample 132 at 1.056 seconds from window start
140,ecg_0133,normalized amplitude (unitless),ECG sample 133 at 1.064 seconds from window start
141,ecg_0134,normalized amplitude (unitless),ECG sample 134 at 1.072 seconds from window start
142,ecg_0135,normalized amplitude (unitless),ECG sample 135 at 1.080 seconds from window start
143,ecg_0136,normalized amplitude (unitless),ECG sample 136 at 1.088 seconds from window start
144,ecg_0137,normalized amplitude (unitless),ECG sample 137 at 1.096 seconds from window start
145,ecg_0138,normalized amplitude (unitless),ECG sample 138 at 1.104 seconds from window start
146,ecg_0139,normalized amplitude (unitless),ECG sample 139 at 1.112 seconds from window start
147,ecg_0140,normalized amplitude (unitless),ECG sample 140 at 1.120 seconds from window start
148,ecg_0141,normalized amplitude (unitless),ECG sample 141 at 1.128 seconds from window start
149,ecg_0142,normalized amplitude (unitless),ECG sample 142 at 1.136 seconds from window start
150,ecg_0143,normalized amplitude (unitless),ECG sample 143 at 1.144 seconds from window start
151,ecg_0144,normalized amplitude (unitless),ECG sample 144 at 1.152 seconds from window start
152,ecg_0145,normalized amplitude (unitless),ECG sample 145 at 1.160 seconds from window start
153,ecg_0146,normalized amplitude (unitless),ECG sample 146 at 1.168 seconds from window start
154,ecg_0147,normalized amplitude (unitless),ECG sample 147 at 1.176 seconds from window start
155,ecg_0148,normalized amplitude (unitless),ECG sample 148 at 1.184 seconds from window start
156,ecg_0149,normalized amplitude (unitless),ECG sample 149 at 1.192 seconds from window start
157,ecg_0150,normalized amplitude (unitless),ECG sample 150 at 1.200 seconds from window start
158,ecg_0151,normalized amplitude (unitless),ECG sample 151 at 1.208 seconds from window start
159,ecg_0152,normalized amplitude (unitless),ECG sample 152 at 1.216 seconds from window start
160,ecg_0153,normalized amplitude (unitless),ECG sample 153 at 1.224 seconds from window start
161,ecg_0154,normalized amplitude (unitless),ECG sample 154 at 1.232 seconds from window start
162,ecg_0155,normalized amplitude (unitless),ECG sample 155 at 1.240 seconds from window start
163,ecg_0156,normalized amplitude (unitless),ECG sample 156 at 1.248 seconds from window start
164,ecg_0157,normalized amplitude (unitless),ECG sample 157 at 1.256 seconds from window start
165,ecg_0158,normalized amplitude (unitless),ECG sample 158 at 1.264 seconds from window start
166,ecg_0159,normalized amplitude (unitless),ECG sample 159 at 1.272 seconds from window start
167,ecg_0160,normalized amplitude (unitless),ECG sample 160 at 1.280 seconds from window start
168,ecg_0161,normalized amplitude (unitless),ECG sample 161 at 1.288 seconds from window start
169,ecg_0162,normalized amplitude (unitless),ECG sample 162 at 1.296 seconds from window start
170,ecg_0163,normalized amplitude (unitless),ECG sample 163 at 1.304 seconds from window start
171,ecg_0164,normalized amplitude (unitless),ECG sample 164 at 1.312 seconds from window start
172,ecg_0165,normalized amplitude (unitless),ECG sample 165 at 1.320 seconds from window start
173,ecg_0166,normalized amplitude (unitless),ECG sample 166 at 1.328 seconds from window start
174,ecg_0167,normalized amplitude (unitless),ECG sample 167 at 1.336 seconds from window start
175,ecg_0168,normalized amplitude (unitless),ECG sample 168 at 1.344 seconds from window start
176,ecg_0169,normalized amplitude (unitless),ECG sample 169 at 1.352 seconds from window start
177,ecg_0170,normalized amplitude (unitless),ECG sample 170 at 1.360 seconds from window start
178,ecg_0171,normalized amplitude (unitless),ECG sample 171 at 1.368 seconds from window start
179,ecg_0172,normalized amplitude (unitless),ECG sample 172 at 1.376 seconds from window start
180,ecg_0173,normalized amplitude (unitless),ECG sample 173 at 1.384 seconds from window start
181,ecg_0174,normalized amplitude (unitless),ECG sample 174 at 1.392 seconds from window start
182,ecg_0175,normalized amplitude (unitless),ECG sample 175 at 1.400 seconds from window start
183,ecg_0176,normalized amplitude (unitless),ECG sample 176 at 1.408 seconds from window start
184,ecg_0177,normalized amplitude (unitless),ECG sample 177 at 1.416 seconds from window start
185,ecg_0178,normalized amplitude (unitless),ECG sample 178 at 1.424 seconds from window start
186,ecg_0179,normalized amplitude (unitless),ECG sample 179 at 1.432 seconds from window start
187,ecg_0180,normalized amplitude (unitless),ECG sample 180 at 1.440 seconds from window start
188,ecg_0181,normalized amplitude (unitless),ECG sample 181 at 1.448 seconds from window start
189,ecg_0182,normalized amplitude (unitless),ECG sample 182 at 1.456 seconds from window start
190,ecg_0183,normalized amplitude (unitless),ECG sample 183 at 1.464 seconds from window start
191,ecg_0184,normalized amplitude (unitless),ECG sample 184 at 1.472 seconds from window start
192,ecg_0185,normalized amplitude (unitless),ECG sample 185 at 1.480 seconds from window start
193,ecg_0186,normalized amplitude (unitless),ECG sample 186 at 1.488 seconds from window start
194,ecg_0187,normalized amplitude (unitless),ECG sample 187 at 1.496 seconds from window start
195,ecg_0188,normalized amplitude (unitless),ECG sample 188 at 1.504 seconds from window start
196,ecg_0189,normalized amplitude (unitless),ECG sample 189 at 1.512 seconds from window start
197,ecg_0190,normalized amplitude (unitless),ECG sample 190 at 1.520 seconds from window start
198,ecg_0191,normalized amplitude (unitless),ECG sample 191 at 1.528 seconds from window start
199,ecg_0192,normalized amplitude (unitless),ECG sample 192 at 1.536 seconds from window start
200,ecg_0193,normalized amplitude (unitless),ECG sample 193 at 1.544 seconds from window start
201,ecg_0194,normalized amplitude (unitless),ECG sample 194 at 1.552 seconds from window start
202,ecg_0195,normalized amplitude (unitless),ECG sample 195 at 1.560 seconds from window start
203,ecg_0196,normalized amplitude (unitless),ECG sample 196 at 1.568 seconds from window start
204,ecg_0197,normalized amplitude (unitless),ECG sample 197 at 1.576 seconds from window start
205,ecg_0198,normalized amplitude (unitless),ECG sample 198 at 1.584 seconds from window start
206,ecg_0199,normalized amplitude (unitless),ECG sample 199 at 1.592 seconds from window start
207,ecg_0200,normalized amplitude (unitless),ECG sample 200 at 1.600 seconds from window start
208,ecg_0201,normalized amplitude (unitless),ECG sample 201 at 1.608 seconds from window start
209,ecg_0202,normalized amplitude (unitless),ECG sample 202 at 1.616 seconds from window start
210,ecg_0203,normalized amplitude (unitless),ECG sample 203 at 1.624 seconds from window start
211,ecg_0204,normalized amplitude (unitless),ECG sample 204 at 1.632 seconds from window start
212,ecg_0205,normalized amplitude (unitless),ECG sample 205 at 1.640 seconds from window start
213,ecg_0206,normalized amplitude (unitless),ECG sample 206 at 1.648 seconds from window start
214,ecg_0207,normalized amplitude (unitless),ECG sample 207 at 1.656 seconds from window start
215,ecg_0208,normalized amplitude (unitless),ECG sample 208 at 1.664 seconds from window start
216,ecg_0209,normalized amplitude (unitless),ECG sample 209 at 1.672 seconds from window start
217,ecg_0210,normalized amplitude (unitless),ECG sample 210 at 1.680 seconds from window start
218,ecg_0211,normalized amplitude (unitless),ECG sample 211 at 1.688 seconds from window start
219,ecg_0212,normalized amplitude (unitless),ECG sample 212 at 1.696 seconds from window start
220,ecg_0213,normalized amplitude (unitless),ECG sample 213 at 1.704 seconds from window start
221,ecg_0214,normalized amplitude (unitless),ECG sample 214 at 1.712 seconds from window start
222,ecg_0215,normalized amplitude (unitless),ECG sample 215 at 1.720 seconds from window start
223,ecg_0216,normalized amplitude (unitless),ECG sample 216 at 1.728 seconds from window start
224,ecg_0217,normalized amplitude (unitless),ECG sample 217 at 1.736 seconds from window start
225,ecg_0218,normalized amplitude (unitless),ECG sample 218 at 1.744 seconds from window start
226,ecg_0219,normalized amplitude (unitless),ECG sample 219 at 1.752 seconds from window start
227,ecg_0220,normalized amplitude (unitless),ECG sample 220 at 1.760 seconds from window start
228,ecg_0221,normalized amplitude (unitless),ECG sample 221 at 1.768 seconds from window start
229,ecg_0222,normalized amplitude (unitless),ECG sample 222 at 1.776 seconds from window start
230,ecg_0223,normalized amplitude (unitless),ECG sample 223 at 1.784 seconds from window start
231,ecg_0224,normalized amplitude (unitless),ECG sample 224 at 1.792 seconds from window start
232,ecg_0225,normalized amplitude (unitless),ECG sample 225 at 1.800 seconds from window start
233,ecg_0226,normalized amplitude (unitless),ECG sample 226 at 1.808 seconds from window start
234,ecg_0227,normalized amplitude (unitless),ECG sample 227 at 1.816 seconds from window start
235,ecg_0228,normalized amplitude (unitless),ECG sample 228 at 1.824 seconds from window start
236,ecg_0229,normalized amplitude (unitless),ECG sample 229 at 1.832 seconds from window start
237,ecg_0230,normalized amplitude (unitless),ECG sample 230 at 1.840 seconds from window start
238,ecg_0231,normalized amplitude (unitless),ECG sample 231 at 1.848 seconds from window start
239,ecg_0232,normalized amplitude (unitless),ECG sample 232 at 1.856 seconds from window start
240,ecg_0233,normalized amplitude (unitless),ECG sample 233 at 1.864 seconds from window start
241,ecg_0234,normalized amplitude (unitless),ECG sample 234 at 1.872 seconds from window start
242,ecg_0235,normalized amplitude (unitless),ECG sample 235 at 1.880 seconds from window start
243,ecg_0236,normalized amplitude (unitless),ECG sample 236 at 1.888 seconds from window start
244,ecg_0237,normalized amplitude (unitless),ECG sample 237 at 1.896 seconds from window start
245,ecg_0238,normalized amplitude (unitless),ECG sample 238 at 1.904 seconds from window start
246,ecg_0239,normalized amplitude (unitless),ECG sample 239 at 1.912 seconds from window start
247,ecg_0240,normalized amplitude (unitless),ECG sample 240 at 1.920 seconds from window start
248,ecg_0241,normalized amplitude (unitless),ECG sample 241 at 1.928 seconds from window start
249,ecg_0242,normalized amplitude (unitless),ECG sample 242 at 1.936 seconds from window start
250,ecg_0243,normalized amplitude (unitless),ECG sample 243 at 1.944 seconds from window start
251,ecg_0244,normalized amplitude (unitless),ECG sample 244 at 1.952 seconds from window start
252,ecg_0245,normalized amplitude (unitless),ECG sample 245 at 1.960 seconds from window start
253,ecg_0246,normalized amplitude (unitless),ECG sample 246 at 1.968 seconds from window start
254,ecg_0247,normalized amplitude (unitless),ECG sample 247 at 1.976 seconds from window start
255,ecg_0248,normalized amplitude (unitless),ECG sample 248 at 1.984 seconds from window start
256,ecg_0249,normalized amplitude (unitless),ECG sample 249 at 1.992 seconds from window start
257,ecg_0250,normalized amplitude (unitless),ECG sample 250 at 2.000 seconds from window start
258,ecg_0251,normalized amplitude (unitless),ECG sample 251 at 2.008 seconds from window start
259,ecg_0252,normalized amplitude (unitless),ECG sample 252 at 2.016 seconds from window start
260,ecg_0253,normalized amplitude (unitless),ECG sample 253 at 2.024 seconds from window start
261,ecg_0254,normalized amplitude (unitless),ECG sample 254 at 2.032 seconds from window start
262,ecg_0255,normalized amplitude (unitless),ECG sample 255 at 2.040 seconds from window start
263,ecg_0256,normalized amplitude (unitless),ECG sample 256 at 2.048 seconds from window start
264,ecg_0257,normalized amplitude (unitless),ECG sample 257 at 2.056 seconds from window start
265,ecg_0258,normalized amplitude (unitless),ECG sample 258 at 2.064 seconds from window start
266,ecg_0259,normalized amplitude (unitless),ECG sample 259 at 2.072 seconds from window start
267,ecg_0260,normalized amplitude (unitless),ECG sample 260 at 2.080 seconds from window start
268,ecg_0261,normalized amplitude (unitless),ECG sample 261 at 2.088 seconds from window start
269,ecg_0262,normalized amplitude (unitless),ECG sample 262 at 2.096 seconds from window start
270,ecg_0263,normalized amplitude (unitless),ECG sample 263 at 2.104 seconds from window start
271,ecg_0264,normalized amplitude (unitless),ECG sample 264 at 2.112 seconds from window start
272,ecg_0265,normalized amplitude (unitless),ECG sample 265 at 2.120 seconds from window start
273,ecg_0266,normalized amplitude (unitless),ECG sample 266 at 2.128 seconds from window start
274,ecg_0267,normalized amplitude (unitless),ECG sample 267 at 2.136 seconds from window start
275,ecg_0268,normalized amplitude (unitless),ECG sample 268 at 2.144 seconds from window start
276,ecg_0269,normalized amplitude (unitless),ECG sample 269 at 2.152 seconds from window start
277,ecg_0270,normalized amplitude (unitless),ECG sample 270 at 2.160 seconds from window start
278,ecg_0271,normalized amplitude (unitless),ECG sample 271 at 2.168 seconds from window start
279,ecg_0272,normalized amplitude (unitless),ECG sample 272 at 2.176 seconds from window start
280,ecg_0273,normalized amplitude (unitless),ECG sample 273 at 2.184 seconds from window start
281,ecg_0274,normalized amplitude (unitless),ECG sample 274 at 2.192 seconds from window start
282,ecg_0275,normalized amplitude (unitless),ECG sample 275 at 2.200 seconds from window start
283,ecg_0276,normalized amplitude (unitless),ECG sample 276 at 2.208 seconds from window start
284,ecg_0277,normalized amplitude (unitless),ECG sample 277 at 2.216 seconds from window start
285,ecg_0278,normalized amplitude (unitless),ECG sample 278 at 2.224 seconds from window start
286,ecg_0279,normalized amplitude (unitless),ECG sample 279 at 2.232 seconds from window start
287,ecg_0280,normalized amplitude (unitless),ECG sample 280 at 2.240 seconds from window start
288,ecg_0281,normalized amplitude (unitless),ECG sample 281 at 2.248 seconds from window start
289,ecg_0282,normalized amplitude (unitless),ECG sample 282 at 2.256 seconds from window start
290,ecg_0283,normalized amplitude (unitless),ECG sample 283 at 2.264 seconds from window start
291,ecg_0284,normalized amplitude (unitless),ECG sample 284 at 2.272 seconds from window start
292,ecg_0285,normalized amplitude (unitless),ECG sample 285 at 2.280 seconds from window start
293,ecg_0286,normalized amplitude (unitless),ECG sample 286 at 2.288 seconds from window start
294,ecg_0287,normalized amplitude (unitless),ECG sample 287 at 2.296 seconds from window start
295,ecg_0288,normalized amplitude (unitless),ECG sample 288 at 2.304 seconds from window start
296,ecg_0289,normalized amplitude (unitless),ECG sample 289 at 2.312 seconds from window start
297,ecg_0290,normalized amplitude (unitless),ECG sample 290 at 2.320 seconds from window start
298,ecg_0291,normalized amplitude (unitless),ECG sample 291 at 2.328 seconds from window start
299,ecg_0292,normalized amplitude (unitless),ECG sample 292 at 2.336 seconds from window start
300,ecg_0293,normalized amplitude (unitless),ECG sample 293 at 2.344 seconds from window start
301,ecg_0294,normalized amplitude (unitless),ECG sample 294 at 2.352 seconds from window start
302,ecg_0295,normalized amplitude (unitless),ECG sample 295 at 2.360 seconds from window start
303,ecg_0296,normalized amplitude (unitless),ECG sample 296 at 2.368 seconds from window start
304,ecg_0297,normalized amplitude (unitless),ECG sample 297 at 2.376 seconds from window start
305,ecg_0298,normalized amplitude (unitless),ECG sample 298 at 2.384 seconds from window start
306,ecg_0299,normalized amplitude (unitless),ECG sample 299 at 2.392 seconds from window start
307,ecg_0300,normalized amplitude (unitless),ECG sample 300 at 2.400 seconds from window start
308,ecg_0301,normalized amplitude (unitless),ECG sample 301 at 2.408 seconds from window start
309,ecg_0302,normalized amplitude (unitless),ECG sample 302 at 2.416 seconds from window start
310,ecg_0303,normalized amplitude (unitless),ECG sample 303 at 2.424 seconds from window start
311,ecg_0304,normalized amplitude (unitless),ECG sample 304 at 2.432 seconds from window start
312,ecg_0305,normalized amplitude (unitless),ECG sample 305 at 2.440 seconds from window start
313,ecg_0306,normalized amplitude (unitless),ECG sample 306 at 2.448 seconds from window start
314,ecg_0307,normalized amplitude (unitless),ECG sample 307 at 2.456 seconds from window start
315,ecg_0308,normalized amplitude (unitless),ECG sample 308 at 2.464 seconds from window start
316,ecg_0309,normalized amplitude (unitless),ECG sample 309 at 2.472 seconds from window start
317,ecg_0310,normalized amplitude (unitless),ECG sample 310 at 2.480 seconds from window start
318,ecg_0311,normalized amplitude (unitless),ECG sample 311 at 2.488 seconds from window start
319,ecg_0312,normalized amplitude (unitless),ECG sample 312 at 2.496 seconds from window start
320,ecg_0313,normalized amplitude (unitless),ECG sample 313 at 2.504 seconds from window start
321,ecg_0314,normalized amplitude (unitless),ECG sample 314 at 2.512 seconds from window start
322,ecg_0315,normalized amplitude (unitless),ECG sample 315 at 2.520 seconds from window start
323,ecg_0316,normalized amplitude (unitless),ECG sample 316 at 2.528 seconds from window start
324,ecg_0317,normalized amplitude (unitless),ECG sample 317 at 2.536 seconds from window start
325,ecg_0318,normalized amplitude (unitless),ECG sample 318 at 2.544 seconds from window start
326,ecg_0319,normalized amplitude (unitless),ECG sample 319 at 2.552 seconds from window start
327,ecg_0320,normalized amplitude (unitless),ECG sample 320 at 2.560 seconds from window start
328,ecg_0321,normalized amplitude (unitless),ECG sample 321 at 2.568 seconds from window start
329,ecg_0322,normalized amplitude (unitless),ECG sample 322 at 2.576 seconds from window start
330,ecg_0323,normalized amplitude (unitless),ECG sample 323 at 2.584 seconds from window start
331,ecg_0324,normalized amplitude (unitless),ECG sample 324 at 2.592 seconds from window start
332,ecg_0325,normalized amplitude (unitless),ECG sample 325 at 2.600 seconds from window start
333,ecg_0326,normalized amplitude (unitless),ECG sample 326 at 2.608 seconds from window start
334,ecg_0327,normalized amplitude (unitless),ECG sample 327 at 2.616 seconds from window start
335,ecg_0328,normalized amplitude (unitless),ECG sample 328 at 2.624 seconds from window start
336,ecg_0329,normalized amplitude (unitless),ECG sample 329 at 2.632 seconds from window start
337,ecg_0330,normalized amplitude (unitless),ECG sample 330 at 2.640 seconds from window start
338,ecg_0331,normalized amplitude (unitless),ECG sample 331 at 2.648 seconds from window start
339,ecg_0332,normalized amplitude (unitless),ECG sample 332 at 2.656 seconds from window start
340,ecg_0333,normalized amplitude (unitless),ECG sample 333 at 2.664 seconds from window start
341,ecg_0334,normalized amplitude (unitless),ECG sample 334 at 2.672 seconds from window start
342,ecg_0335,normalized amplitude (unitless),ECG sample 335 at 2.680 seconds from window start
343,ecg_0336,normalized amplitude (unitless),ECG sample 336 at 2.688 seconds from window start
344,ecg_0337,normalized amplitude (unitless),ECG sample 337 at 2.696 seconds from window start
345,ecg_0338,normalized amplitude (unitless),ECG sample 338 at 2.704 seconds from window start
346,ecg_0339,normalized amplitude (unitless),ECG sample 339 at 2.712 seconds from window start
347,ecg_0340,normalized amplitude (unitless),ECG sample 340 at 2.720 seconds from window start
348,ecg_0341,normalized amplitude (unitless),ECG sample 341 at 2.728 seconds from window start
349,ecg_0342,normalized amplitude (unitless),ECG sample 342 at 2.736 seconds from window start
350,ecg_0343,normalized amplitude (unitless),ECG sample 343 at 2.744 seconds from window start
351,ecg_0344,normalized amplitude (unitless),ECG sample 344 at 2.752 seconds from window start
352,ecg_0345,normalized amplitude (unitless),ECG sample 345 at 2.760 seconds from window start
353,ecg_0346,normalized amplitude (unitless),ECG sample 346 at 2.768 seconds from window start
354,ecg_0347,normalized amplitude (unitless),ECG sample 347 at 2.776 seconds from window start
355,ecg_0348,normalized amplitude (unitless),ECG sample 348 at 2.784 seconds from window start
356,ecg_0349,normalized amplitude (unitless),ECG sample 349 at 2.792 seconds from window start
357,ecg_0350,normalized amplitude (unitless),ECG sample 350 at 2.800 seconds from window start
358,ecg_0351,normalized amplitude (unitless),ECG sample 351 at 2.808 seconds from window start
359,ecg_0352,normalized amplitude (unitless),ECG sample 352 at 2.816 seconds from window start
360,ecg_0353,normalized amplitude (unitless),ECG sample 353 at 2.824 seconds from window start
361,ecg_0354,normalized amplitude (unitless),ECG sample 354 at 2.832 seconds from window start
362,ecg_0355,normalized amplitude (unitless),ECG sample 355 at 2.840 seconds from window start
363,ecg_0356,normalized amplitude (unitless),ECG sample 356 at 2.848 seconds from window start
364,ecg_0357,normalized amplitude (unitless),ECG sample 357 at 2.856 seconds from window start
365,ecg_0358,normalized amplitude (unitless),ECG sample 358 at 2.864 seconds from window start
366,ecg_0359,normalized amplitude (unitless),ECG sample 359 at 2.872 seconds from window start
367,ecg_0360,normalized amplitude (unitless),ECG sample 360 at 2.880 seconds from window start
368,ecg_0361,normalized amplitude (unitless),ECG sample 361 at 2.888 seconds from window start
369,ecg_0362,normalized amplitude (unitless),ECG sample 362 at 2.896 seconds from window start
370,ecg_0363,normalized amplitude (unitless),ECG sample 363 at 2.904 seconds from window start
371,ecg_0364,normalized amplitude (unitless),ECG sample 364 at 2.912 seconds from window start
372,ecg_0365,normalized amplitude (unitless),ECG sample 365 at 2.920 seconds from window start
373,ecg_0366,normalized amplitude (unitless),ECG sample 366 at 2.928 seconds from window start
374,ecg_0367,normalized amplitude (unitless),ECG sample 367 at 2.936 seconds from window start
375,ecg_0368,normalized amplitude (unitless),ECG sample 368 at 2.944 seconds from window start
376,ecg_0369,normalized amplitude (unitless),ECG sample 369 at 2.952 seconds from window start
377,ecg_0370,normalized amplitude (unitless),ECG sample 370 at 2.960 seconds from window start
378,ecg_0371,normalized amplitude (unitless),ECG sample 371 at 2.968 seconds from window start
379,ecg_0372,normalized amplitude (unitless),ECG sample 372 at 2.976 seconds from window start
380,ecg_0373,normalized amplitude (unitless),ECG sample 373 at 2.984 seconds from window start
381,ecg_0374,normalized amplitude (unitless),ECG sample 374 at 2.992 seconds from window start
382,ecg_0375,normalized amplitude (unitless),ECG sample 375 at 3.000 seconds from window start
383,ecg_0376,normalized amplitude (unitless),ECG sample 376 at 3.008 seconds from window start
384,ecg_0377,normalized amplitude (unitless),ECG sample 377 at 3.016 seconds from window start
385,ecg_0378,normalized amplitude (unitless),ECG sample 378 at 3.024 seconds from window start
386,ecg_0379,normalized amplitude (unitless),ECG sample 379 at 3.032 seconds from window start
387,ecg_0380,normalized amplitude (unitless),ECG sample 380 at 3.040 seconds from window start
388,ecg_0381,normalized amplitude (unitless),ECG sample 381 at 3.048 seconds from window start
389,ecg_0382,normalized amplitude (unitless),ECG sample 382 at 3.056 seconds from window start
390,ecg_0383,normalized amplitude (unitless),ECG sample 383 at 3.064 seconds from window start
391,ecg_0384,normalized amplitude (unitless),ECG sample 384 at 3.072 seconds from window start
392,ecg_0385,normalized amplitude (unitless),ECG sample 385 at 3.080 seconds from window start
393,ecg_0386,normalized amplitude (unitless),ECG sample 386 at 3.088 seconds from window start
394,ecg_0387,normalized amplitude (unitless),ECG sample 387 at 3.096 seconds from window start
395,ecg_0388,normalized amplitude (unitless),ECG sample 388 at 3.104 seconds from window start
396,ecg_0389,normalized amplitude (unitless),ECG sample 389 at 3.112 seconds from window start
397,ecg_0390,normalized amplitude (unitless),ECG sample 390 at 3.120 seconds from window start
398,ecg_0391,normalized amplitude (unitless),ECG sample 391 at 3.128 seconds from window start
399,ecg_0392,normalized amplitude (unitless),ECG sample 392 at 3.136 seconds from window start
400,ecg_0393,normalized amplitude (unitless),ECG sample 393 at 3.144 seconds from window start
401,ecg_0394,normalized amplitude (unitless),ECG sample 394 at 3.152 seconds from window start
402,ecg_0395,normalized amplitude (unitless),ECG sample 395 at 3.160 seconds from window start
403,ecg_0396,normalized amplitude (unitless),ECG sample 396 at 3.168 seconds from window start
404,ecg_0397,normalized amplitude (unitless),ECG sample 397 at 3.176 seconds from window start
405,ecg_0398,normalized amplitude (unitless),ECG sample 398 at 3.184 seconds from window start
406,ecg_0399,normalized amplitude (unitless),ECG sample 399 at 3.192 seconds from window start
407,ecg_0400,normalized amplitude (unitless),ECG sample 400 at 3.200 seconds from window start
408,ecg_0401,normalized amplitude (unitless),ECG sample 401 at 3.208 seconds from window start
409,ecg_0402,normalized amplitude (unitless),ECG sample 402 at 3.216 seconds from window start
410,ecg_0403,normalized amplitude (unitless),ECG sample 403 at 3.224 seconds from window start
411,ecg_0404,normalized amplitude (unitless),ECG sample 404 at 3.232 seconds from window start
412,ecg_0405,normalized amplitude (unitless),ECG sample 405 at 3.240 seconds from window start
413,ecg_0406,normalized amplitude (unitless),ECG sample 406 at 3.248 seconds from window start
414,ecg_0407,normalized amplitude (unitless),ECG sample 407 at 3.256 seconds from window start
415,ecg_0408,normalized amplitude (unitless),ECG sample 408 at 3.264 seconds from window start
416,ecg_0409,normalized amplitude (unitless),ECG sample 409 at 3.272 seconds from window start
417,ecg_0410,normalized amplitude (unitless),ECG sample 410 at 3.280 seconds from window start
418,ecg_0411,normalized amplitude (unitless),ECG sample 411 at 3.288 seconds from window start
419,ecg_0412,normalized amplitude (unitless),ECG sample 412 at 3.296 seconds from window start
420,ecg_0413,normalized amplitude (unitless),ECG sample 413 at 3.304 seconds from window start
421,ecg_0414,normalized amplitude (unitless),ECG sample 414 at 3.312 seconds from window start
422,ecg_0415,normalized amplitude (unitless),ECG sample 415 at 3.320 seconds from window start
423,ecg_0416,normalized amplitude (unitless),ECG sample 416 at 3.328 seconds from window start
424,ecg_0417,normalized amplitude (unitless),ECG sample 417 at 3.336 seconds from window start
425,ecg_0418,normalized amplitude (unitless),ECG sample 418 at 3.344 seconds from window start
426,ecg_0419,normalized amplitude (unitless),ECG sample 419 at 3.352 seconds from window start
427,ecg_0420,normalized amplitude (unitless),ECG sample 420 at 3.360 seconds from window start
428,ecg_0421,normalized amplitude (unitless),ECG sample 421 at 3.368 seconds from window start
429,ecg_0422,normalized amplitude (unitless),ECG sample 422 at 3.376 seconds from window start
430,ecg_0423,normalized amplitude (unitless),ECG sample 423 at 3.384 seconds from window start
431,ecg_0424,normalized amplitude (unitless),ECG sample 424 at 3.392 seconds from window start
432,ecg_0425,normalized amplitude (unitless),ECG sample 425 at 3.400 seconds from window start
433,ecg_0426,normalized amplitude (unitless),ECG sample 426 at 3.408 seconds from window start
434,ecg_0427,normalized amplitude (unitless),ECG sample 427 at 3.416 seconds from window start
435,ecg_0428,normalized amplitude (unitless),ECG sample 428 at 3.424 seconds from window start
436,ecg_0429,normalized amplitude (unitless),ECG sample 429 at 3.432 seconds from window start
437,ecg_0430,normalized amplitude (unitless),ECG sample 430 at 3.440 seconds from window start
438,ecg_0431,normalized amplitude (unitless),ECG sample 431 at 3.448 seconds from window start
439,ecg_0432,normalized amplitude (unitless),ECG sample 432 at 3.456 seconds from window start
440,ecg_0433,normalized amplitude (unitless),ECG sample 433 at 3.464 seconds from window start
441,ecg_0434,normalized amplitude (unitless),ECG sample 434 at 3.472 seconds from window start
442,ecg_0435,normalized amplitude (unitless),ECG sample 435 at 3.480 seconds from window start
443,ecg_0436,normalized amplitude (unitless),ECG sample 436 at 3.488 seconds from window start
444,ecg_0437,normalized amplitude (unitless),ECG sample 437 at 3.496 seconds from window start
445,ecg_0438,normalized amplitude (unitless),ECG sample 438 at 3.504 seconds from window start
446,ecg_0439,normalized amplitude (unitless),ECG sample 439 at 3.512 seconds from window start
447,ecg_0440,normalized amplitude (unitless),ECG sample 440 at 3.520 seconds from window start
448,ecg_0441,normalized amplitude (unitless),ECG sample 441 at 3.528 seconds from window start
449,ecg_0442,normalized amplitude (unitless),ECG sample 442 at 3.536 seconds from window start
450,ecg_0443,normalized amplitude (unitless),ECG sample 443 at 3.544 seconds from window start
451,ecg_0444,normalized amplitude (unitless),ECG sample 444 at 3.552 seconds from window start
452,ecg_0445,normalized amplitude (unitless),ECG sample 445 at 3.560 seconds from window start
453,ecg_0446,normalized amplitude (unitless),ECG sample 446 at 3.568 seconds from window start
454,ecg_0447,normalized amplitude (unitless),ECG sample 447 at 3.576 seconds from window start
455,ecg_0448,normalized amplitude (unitless),ECG sample 448 at 3.584 seconds from window start
456,ecg_0449,normalized amplitude (unitless),ECG sample 449 at 3.592 seconds from window start
457,ecg_0450,normalized amplitude (unitless),ECG sample 450 at 3.600 seconds from window start
458,ecg_0451,normalized amplitude (unitless),ECG sample 451 at 3.608 seconds from window start
459,ecg_0452,normalized amplitude (unitless),ECG sample 452 at 3.616 seconds from window start
460,ecg_0453,normalized amplitude (unitless),ECG sample 453 at 3.624 seconds from window start
461,ecg_0454,normalized amplitude (unitless),ECG sample 454 at 3.632 seconds from window start
462,ecg_0455,normalized amplitude (unitless),ECG sample 455 at 3.640 seconds from window start
463,ecg_0456,normalized amplitude (unitless),ECG sample 456 at 3.648 seconds from window start
464,ecg_0457,normalized amplitude (unitless),ECG sample 457 at 3.656 seconds from window start
465,ecg_0458,normalized amplitude (unitless),ECG sample 458 at 3.664 seconds from window start
466,ecg_0459,normalized amplitude (unitless),ECG sample 459 at 3.672 seconds from window start
467,ecg_0460,normalized amplitude (unitless),ECG sample 460 at 3.680 seconds from window start
468,ecg_0461,normalized amplitude (unitless),ECG sample 461 at 3.688 seconds from window start
469,ecg_0462,normalized amplitude (unitless),ECG sample 462 at 3.696 seconds from window start
470,ecg_0463,normalized amplitude (unitless),ECG sample 463 at 3.704 seconds from window start
471,ecg_0464,normalized amplitude (unitless),ECG sample 464 at 3.712 seconds from window start
472,ecg_0465,normalized amplitude (unitless),ECG sample 465 at 3.720 seconds from window start
473,ecg_0466,normalized amplitude (unitless),ECG sample 466 at 3.728 seconds from window start
474,ecg_0467,normalized amplitude (unitless),ECG sample 467 at 3.736 seconds from window start
475,ecg_0468,normalized amplitude (unitless),ECG sample 468 at 3.744 seconds from window start
476,ecg_0469,normalized amplitude (unitless),ECG sample 469 at 3.752 seconds from window start
477,ecg_0470,normalized amplitude (unitless),ECG sample 470 at 3.760 seconds from window start
478,ecg_0471,normalized amplitude (unitless),ECG sample 471 at 3.768 seconds from window start
479,ecg_0472,normalized amplitude (unitless),ECG sample 472 at 3.776 seconds from window start
480,ecg_0473,normalized amplitude (unitless),ECG sample 473 at 3.784 seconds from window start
481,ecg_0474,normalized amplitude (unitless),ECG sample 474 at 3.792 seconds from window start
482,ecg_0475,normalized amplitude (unitless),ECG sample 475 at 3.800 seconds from window start
483,ecg_0476,normalized amplitude (unitless),ECG sample 476 at 3.808 seconds from window start
484,ecg_0477,normalized amplitude (unitless),ECG sample 477 at 3.816 seconds from window start
485,ecg_0478,normalized amplitude (unitless),ECG sample 478 at 3.824 seconds from window start
486,ecg_0479,normalized amplitude (unitless),ECG sample 479 at 3.832 seconds from window start
487,ecg_0480,normalized amplitude (unitless),ECG sample 480 at 3.840 seconds from window start
488,ecg_0481,normalized amplitude (unitless),ECG sample 481 at 3.848 seconds from window start
489,ecg_0482,normalized amplitude (unitless),ECG sample 482 at 3.856 seconds from window start
490,ecg_0483,normalized amplitude (unitless),ECG sample 483 at 3.864 seconds from window start
491,ecg_0484,normalized amplitude (unitless),ECG sample 484 at 3.872 seconds from window start
492,ecg_0485,normalized amplitude (unitless),ECG sample 485 at 3.880 seconds from window start
493,ecg_0486,normalized amplitude (unitless),ECG sample 486 at 3.888 seconds from window start
494,ecg_0487,normalized amplitude (unitless),ECG sample 487 at 3.896 seconds from window start
495,ecg_0488,normalized amplitude (unitless),ECG sample 488 at 3.904 seconds from window start
496,ecg_0489,normalized amplitude (unitless),ECG sample 489 at 3.912 seconds from window start
497,ecg_0490,normalized amplitude (unitless),ECG sample 490 at 3.920 seconds from window start
498,ecg_0491,normalized amplitude (unitless),ECG sample 491 at 3.928 seconds from window start
499,ecg_0492,normalized amplitude (unitless),ECG sample 492 at 3.936 seconds from window start
500,ecg_0493,normalized amplitude (unitless),ECG sample 493 at 3.944 seconds from window start
501,ecg_0494,normalized amplitude (unitless),ECG sample 494 at 3.952 seconds from window start
502,ecg_0495,normalized amplitude (unitless),ECG sample 495 at 3.960 seconds from window start
503,ecg_0496,normalized amplitude (unitless),ECG sample 496 at 3.968 seconds from window start
504,ecg_0497,normalized amplitude (unitless),ECG sample 497 at 3.976 seconds from window start
505,ecg_0498,normalized amplitude (unitless),ECG sample 498 at 3.984 seconds from window start
506,ecg_0499,normalized amplitude (unitless),ECG sample 499 at 3.992 seconds from window start
507,ecg_0500,normalized amplitude (unitless),ECG sample 500 at 4.000 seconds from window start
508,ecg_0501,normalized amplitude (unitless),ECG sample 501 at 4.008 seconds from window start
509,ecg_0502,normalized amplitude (unitless),ECG sample 502 at 4.016 seconds from window start
510,ecg_0503,normalized amplitude (unitless),ECG sample 503 at 4.024 seconds from window start
511,ecg_0504,normalized amplitude (unitless),ECG sample 504 at 4.032 seconds from window start
512,ecg_0505,normalized amplitude (unitless),ECG sample 505 at 4.040 seconds from window start
513,ecg_0506,normalized amplitude (unitless),ECG sample 506 at 4.048 seconds from window start
514,ecg_0507,normalized amplitude (unitless),ECG sample 507 at 4.056 seconds from window start
515,ecg_0508,normalized amplitude (unitless),ECG sample 508 at 4.064 seconds from window start
516,ecg_0509,normalized amplitude (unitless),ECG sample 509 at 4.072 seconds from window start
517,ecg_0510,normalized amplitude (unitless),ECG sample 510 at 4.080 seconds from window start
518,ecg_0511,normalized amplitude (unitless),ECG sample 511 at 4.088 seconds from window start
519,ecg_0512,normalized amplitude (unitless),ECG sample 512 at 4.096 seconds from window start
520,ecg_0513,normalized amplitude (unitless),ECG sample 513 at 4.104 seconds from window start
521,ecg_0514,normalized amplitude (unitless),ECG sample 514 at 4.112 seconds from window start
522,ecg_0515,normalized amplitude (unitless),ECG sample 515 at 4.120 seconds from window start
523,ecg_0516,normalized amplitude (unitless),ECG sample 516 at 4.128 seconds from window start
524,ecg_0517,normalized amplitude (unitless),ECG sample 517 at 4.136 seconds from window start
525,ecg_0518,normalized amplitude (unitless),ECG sample 518 at 4.144 seconds from window start
526,ecg_0519,normalized amplitude (unitless),ECG sample 519 at 4.152 seconds from window start
527,ecg_0520,normalized amplitude (unitless),ECG sample 520 at 4.160 seconds from window start
528,ecg_0521,normalized amplitude (unitless),ECG sample 521 at 4.168 seconds from window start
529,ecg_0522,normalized amplitude (unitless),ECG sample 522 at 4.176 seconds from window start
530,ecg_0523,normalized amplitude (unitless),ECG sample 523 at 4.184 seconds from window start
531,ecg_0524,normalized amplitude (unitless),ECG sample 524 at 4.192 seconds from window start
532,ecg_0525,normalized amplitude (unitless),ECG sample 525 at 4.200 seconds from window start
533,ecg_0526,normalized amplitude (unitless),ECG sample 526 at 4.208 seconds from window start
534,ecg_0527,normalized amplitude (unitless),ECG sample 527 at 4.216 seconds from window start
535,ecg_0528,normalized amplitude (unitless),ECG sample 528 at 4.224 seconds from window start
536,ecg_0529,normalized amplitude (unitless),ECG sample 529 at 4.232 seconds from window start
537,ecg_0530,normalized amplitude (unitless),ECG sample 530 at 4.240 seconds from window start
538,ecg_0531,normalized amplitude (unitless),ECG sample 531 at 4.248 seconds from window start
539,ecg_0532,normalized amplitude (unitless),ECG sample 532 at 4.256 seconds from window start
540,ecg_0533,normalized amplitude (unitless),ECG sample 533 at 4.264 seconds from window start
541,ecg_0534,normalized amplitude (unitless),ECG sample 534 at 4.272 seconds from window start
542,ecg_0535,normalized amplitude (unitless),ECG sample 535 at 4.280 seconds from window start
543,ecg_0536,normalized amplitude (unitless),ECG sample 536 at 4.288 seconds from window start
544,ecg_0537,normalized amplitude (unitless),ECG sample 537 at 4.296 seconds from window start
545,ecg_0538,normalized amplitude (unitless),ECG sample 538 at 4.304 seconds from window start
546,ecg_0539,normalized amplitude (unitless),ECG sample 539 at 4.312 seconds from window start
547,ecg_0540,normalized amplitude (unitless),ECG sample 540 at 4.320 seconds from window start
548,ecg_0541,normalized amplitude (unitless),ECG sample 541 at 4.328 seconds from window start
549,ecg_0542,normalized amplitude (unitless),ECG sample 542 at 4.336 seconds from window start
550,ecg_0543,normalized amplitude (unitless),ECG sample 543 at 4.344 seconds from window start
551,ecg_0544,normalized amplitude (unitless),ECG sample 544 at 4.352 seconds from window start
552,ecg_0545,normalized amplitude (unitless),ECG sample 545 at 4.360 seconds from window start
553,ecg_0546,normalized amplitude (unitless),ECG sample 546 at 4.368 seconds from window start
554,ecg_0547,normalized amplitude (unitless),ECG sample 547 at 4.376 seconds from window start
555,ecg_0548,normalized amplitude (unitless),ECG sample 548 at 4.384 seconds from window start
556,ecg_0549,normalized amplitude (unitless),ECG sample 549 at 4.392 seconds from window start
557,ecg_0550,normalized amplitude (unitless),ECG sample 550 at 4.400 seconds from window start
558,ecg_0551,normalized amplitude (unitless),ECG sample 551 at 4.408 seconds from window start
559,ecg_0552,normalized amplitude (unitless),ECG sample 552 at 4.416 seconds from window start
560,ecg_0553,normalized amplitude (unitless),ECG sample 553 at 4.424 seconds from window start
561,ecg_0554,normalized amplitude (unitless),ECG sample 554 at 4.432 seconds from window start
562,ecg_0555,normalized amplitude (unitless),ECG sample 555 at 4.440 seconds from window start
563,ecg_0556,normalized amplitude (unitless),ECG sample 556 at 4.448 seconds from window start
564,ecg_0557,normalized amplitude (unitless),ECG sample 557 at 4.456 seconds from window start
565,ecg_0558,normalized amplitude (unitless),ECG sample 558 at 4.464 seconds from window start
566,ecg_0559,normalized amplitude (unitless),ECG sample 559 at 4.472 seconds from window start
567,ecg_0560,normalized amplitude (unitless),ECG sample 560 at 4.480 seconds from window start
568,ecg_0561,normalized amplitude (unitless),ECG sample 561 at 4.488 seconds from window start
569,ecg_0562,normalized amplitude (unitless),ECG sample 562 at 4.496 seconds from window start
570,ecg_0563,normalized amplitude (unitless),ECG sample 563 at 4.504 seconds from window start
571,ecg_0564,normalized amplitude (unitless),ECG sample 564 at 4.512 seconds from window start
572,ecg_0565,normalized amplitude (unitless),ECG sample 565 at 4.520 seconds from window start
573,ecg_0566,normalized amplitude (unitless),ECG sample 566 at 4.528 seconds from window start
574,ecg_0567,normalized amplitude (unitless),ECG sample 567 at 4.536 seconds from window start
575,ecg_0568,normalized amplitude (unitless),ECG sample 568 at 4.544 seconds from window start
576,ecg_0569,normalized amplitude (unitless),ECG sample 569 at 4.552 seconds from window start
577,ecg_0570,normalized amplitude (unitless),ECG sample 570 at 4.560 seconds from window start
578,ecg_0571,normalized amplitude (unitless),ECG sample 571 at 4.568 seconds from window start
579,ecg_0572,normalized amplitude (unitless),ECG sample 572 at 4.576 seconds from window start
580,ecg_0573,normalized amplitude (unitless),ECG sample 573 at 4.584 seconds from window start
581,ecg_0574,normalized amplitude (unitless),ECG sample 574 at 4.592 seconds from window start
582,ecg_0575,normalized amplitude (unitless),ECG sample 575 at 4.600 seconds from window start
583,ecg_0576,normalized amplitude (unitless),ECG sample 576 at 4.608 seconds from window start
584,ecg_0577,normalized amplitude (unitless),ECG sample 577 at 4.616 seconds from window start
585,ecg_0578,normalized amplitude (unitless),ECG sample 578 at 4.624 seconds from window start
586,ecg_0579,normalized amplitude (unitless),ECG sample 579 at 4.632 seconds from window start
587,ecg_0580,normalized amplitude (unitless),ECG sample 580 at 4.640 seconds from window start
588,ecg_0581,normalized amplitude (unitless),ECG sample 581 at 4.648 seconds from window start
589,ecg_0582,normalized amplitude (unitless),ECG sample 582 at 4.656 seconds from window start
590,ecg_0583,normalized amplitude (unitless),ECG sample 583 at 4.664 seconds from window start
591,ecg_0584,normalized amplitude (unitless),ECG sample 584 at 4.672 seconds from window start
592,ecg_0585,normalized amplitude (unitless),ECG sample 585 at 4.680 seconds from window start
593,ecg_0586,normalized amplitude (unitless),ECG sample 586 at 4.688 seconds from window start
594,ecg_0587,normalized amplitude (unitless),ECG sample 587 at 4.696 seconds from window start
595,ecg_0588,normalized amplitude (unitless),ECG sample 588 at 4.704 seconds from window start
596,ecg_0589,normalized amplitude (unitless),ECG sample 589 at 4.712 seconds from window start
597,ecg_0590,normalized amplitude (unitless),ECG sample 590 at 4.720 seconds from window start
598,ecg_0591,normalized amplitude (unitless),ECG sample 591 at 4.728 seconds from window start
599,ecg_0592,normalized amplitude (unitless),ECG sample 592 at 4.736 seconds from window start
600,ecg_0593,normalized amplitude (unitless),ECG sample 593 at 4.744 seconds from window start
601,ecg_0594,normalized amplitude (unitless),ECG sample 594 at 4.752 seconds from window start
602,ecg_0595,normalized amplitude (unitless),ECG sample 595 at 4.760 seconds from window start
603,ecg_0596,normalized amplitude (unitless),ECG sample 596 at 4.768 seconds from window start
604,ecg_0597,normalized amplitude (unitless),ECG sample 597 at 4.776 seconds from window start
605,ecg_0598,normalized amplitude (unitless),ECG sample 598 at 4.784 seconds from window start
606,ecg_0599,normalized amplitude (unitless),ECG sample 599 at 4.792 seconds from window start
607,ecg_0600,normalized amplitude (unitless),ECG sample 600 at 4.800 seconds from window start
608,ecg_0601,normalized amplitude (unitless),ECG sample 601 at 4.808 seconds from window start
609,ecg_0602,normalized amplitude (unitless),ECG sample 602 at 4.816 seconds from window start
610,ecg_0603,normalized amplitude (unitless),ECG sample 603 at 4.824 seconds from window start
611,ecg_0604,normalized amplitude (unitless),ECG sample 604 at 4.832 seconds from window start
612,ecg_0605,normalized amplitude (unitless),ECG sample 605 at 4.840 seconds from window start
613,ecg_0606,normalized amplitude (unitless),ECG sample 606 at 4.848 seconds from window start
614,ecg_0607,normalized amplitude (unitless),ECG sample 607 at 4.856 seconds from window start
615,ecg_0608,normalized amplitude (unitless),ECG sample 608 at 4.864 seconds from window start
616,ecg_0609,normalized amplitude (unitless),ECG sample 609 at 4.872 seconds from window start
617,ecg_0610,normalized amplitude (unitless),ECG sample 610 at 4.880 seconds from window start
618,ecg_0611,normalized amplitude (unitless),ECG sample 611 at 4.888 seconds from window start
619,ecg_0612,normalized amplitude (unitless),ECG sample 612 at 4.896 seconds from window start
620,ecg_0613,normalized amplitude (unitless),ECG sample 613 at 4.904 seconds from window start
621,ecg_0614,normalized amplitude (unitless),ECG sample 614 at 4.912 seconds from window start
622,ecg_0615,normalized amplitude (unitless),ECG sample 615 at 4.920 seconds from window start
623,ecg_0616,normalized amplitude (unitless),ECG sample 616 at 4.928 seconds from window start
624,ecg_0617,normalized amplitude (unitless),ECG sample 617 at 4.936 seconds from window start
625,ecg_0618,normalized amplitude (unitless),ECG sample 618 at 4.944 seconds from window start
626,ecg_0619,normalized amplitude (unitless),ECG sample 619 at 4.952 seconds from window start
627,ecg_0620,normalized amplitude (unitless),ECG sample 620 at 4.960 seconds from window start
628,ecg_0621,normalized amplitude (unitless),ECG sample 621 at 4.968 seconds from window start
629,ecg_0622,normalized amplitude (unitless),ECG sample 622 at 4.976 seconds from window start
630,ecg_0623,normalized amplitude (unitless),ECG sample 623 at 4.984 seconds from window start
631,ecg_0624,normalized amplitude (unitless),ECG sample 624 at 4.992 seconds from window start
632,ecg_0625,normalized amplitude (unitless),ECG sample 625 at 5.000 seconds from window start
633,ecg_0626,normalized amplitude (unitless),ECG sample 626 at 5.008 seconds from window start
634,ecg_0627,normalized amplitude (unitless),ECG sample 627 at 5.016 seconds from window start
635,ecg_0628,normalized amplitude (unitless),ECG sample 628 at 5.024 seconds from window start
636,ecg_0629,normalized amplitude (unitless),ECG sample 629 at 5.032 seconds from window start
637,ecg_0630,normalized amplitude (unitless),ECG sample 630 at 5.040 seconds from window start
638,ecg_0631,normalized amplitude (unitless),ECG sample 631 at 5.048 seconds from window start
639,ecg_0632,normalized amplitude (unitless),ECG sample 632 at 5.056 seconds from window start
640,ecg_0633,normalized amplitude (unitless),ECG sample 633 at 5.064 seconds from window start
641,ecg_0634,normalized amplitude (unitless),ECG sample 634 at 5.072 seconds from window start
642,ecg_0635,normalized amplitude (unitless),ECG sample 635 at 5.080 seconds from window start
643,ecg_0636,normalized amplitude (unitless),ECG sample 636 at 5.088 seconds from window start
644,ecg_0637,normalized amplitude (unitless),ECG sample 637 at 5.096 seconds from window start
645,ecg_0638,normalized amplitude (unitless),ECG sample 638 at 5.104 seconds from window start
646,ecg_0639,normalized amplitude (unitless),ECG sample 639 at 5.112 seconds from window start
647,ecg_0640,normalized amplitude (unitless),ECG sample 640 at 5.120 seconds from window start
648,ecg_0641,normalized amplitude (unitless),ECG sample 641 at 5.128 seconds from window start
649,ecg_0642,normalized amplitude (unitless),ECG sample 642 at 5.136 seconds from window start
650,ecg_0643,normalized amplitude (unitless),ECG sample 643 at 5.144 seconds from window start
651,ecg_0644,normalized amplitude (unitless),ECG sample 644 at 5.152 seconds from window start
652,ecg_0645,normalized amplitude (unitless),ECG sample 645 at 5.160 seconds from window start
653,ecg_0646,normalized amplitude (unitless),ECG sample 646 at 5.168 seconds from window start
654,ecg_0647,normalized amplitude (unitless),ECG sample 647 at 5.176 seconds from window start
655,ecg_0648,normalized amplitude (unitless),ECG sample 648 at 5.184 seconds from window start
656,ecg_0649,normalized amplitude (unitless),ECG sample 649 at 5.192 seconds from window start
657,ecg_0650,normalized amplitude (unitless),ECG sample 650 at 5.200 seconds from window start
658,ecg_0651,normalized amplitude (unitless),ECG sample 651 at 5.208 seconds from window start
659,ecg_0652,normalized amplitude (unitless),ECG sample 652 at 5.216 seconds from window start
660,ecg_0653,normalized amplitude (unitless),ECG sample 653 at 5.224 seconds from window start
661,ecg_0654,normalized amplitude (unitless),ECG sample 654 at 5.232 seconds from window start
662,ecg_0655,normalized amplitude (unitless),ECG sample 655 at 5.240 seconds from window start
663,ecg_0656,normalized amplitude (unitless),ECG sample 656 at 5.248 seconds from window start
664,ecg_0657,normalized amplitude (unitless),ECG sample 657 at 5.256 seconds from window start
665,ecg_0658,normalized amplitude (unitless),ECG sample 658 at 5.264 seconds from window start
666,ecg_0659,normalized amplitude (unitless),ECG sample 659 at 5.272 seconds from window start
667,ecg_0660,normalized amplitude (unitless),ECG sample 660 at 5.280 seconds from window start
668,ecg_0661,normalized amplitude (unitless),ECG sample 661 at 5.288 seconds from window start
669,ecg_0662,normalized amplitude (unitless),ECG sample 662 at 5.296 seconds from window start
670,ecg_0663,normalized amplitude (unitless),ECG sample 663 at 5.304 seconds from window start
671,ecg_0664,normalized amplitude (unitless),ECG sample 664 at 5.312 seconds from window start
672,ecg_0665,normalized amplitude (unitless),ECG sample 665 at 5.320 seconds from window start
673,ecg_0666,normalized amplitude (unitless),ECG sample 666 at 5.328 seconds from window start
674,ecg_0667,normalized amplitude (unitless),ECG sample 667 at 5.336 seconds from window start
675,ecg_0668,normalized amplitude (unitless),ECG sample 668 at 5.344 seconds from window start
676,ecg_0669,normalized amplitude (unitless),ECG sample 669 at 5.352 seconds from window start
677,ecg_0670,normalized amplitude (unitless),ECG sample 670 at 5.360 seconds from window start
678,ecg_0671,normalized amplitude (unitless),ECG sample 671 at 5.368 seconds from window start
679,ecg_0672,normalized amplitude (unitless),ECG sample 672 at 5.376 seconds from window start
680,ecg_0673,normalized amplitude (unitless),ECG sample 673 at 5.384 seconds from window start
681,ecg_0674,normalized amplitude (unitless),ECG sample 674 at 5.392 seconds from window start
682,ecg_0675,normalized amplitude (unitless),ECG sample 675 at 5.400 seconds from window start
683,ecg_0676,normalized amplitude (unitless),ECG sample 676 at 5.408 seconds from window start
684,ecg_0677,normalized amplitude (unitless),ECG sample 677 at 5.416 seconds from window start
685,ecg_0678,normalized amplitude (unitless),ECG sample 678 at 5.424 seconds from window start
686,ecg_0679,normalized amplitude (unitless),ECG sample 679 at 5.432 seconds from window start
687,ecg_0680,normalized amplitude (unitless),ECG sample 680 at 5.440 seconds from window start
688,ecg_0681,normalized amplitude (unitless),ECG sample 681 at 5.448 seconds from window start
689,ecg_0682,normalized amplitude (unitless),ECG sample 682 at 5.456 seconds from window start
690,ecg_0683,normalized amplitude (unitless),ECG sample 683 at 5.464 seconds from window start
691,ecg_0684,normalized amplitude (unitless),ECG sample 684 at 5.472 seconds from window start
692,ecg_0685,normalized amplitude (unitless),ECG sample 685 at 5.480 seconds from window start
693,ecg_0686,normalized amplitude (unitless),ECG sample 686 at 5.488 seconds from window start
694,ecg_0687,normalized amplitude (unitless),ECG sample 687 at 5.496 seconds from window start
695,ecg_0688,normalized amplitude (unitless),ECG sample 688 at 5.504 seconds from window start
696,ecg_0689,normalized amplitude (unitless),ECG sample 689 at 5.512 seconds from window start
697,ecg_0690,normalized amplitude (unitless),ECG sample 690 at 5.520 seconds from window start
698,ecg_0691,normalized amplitude (unitless),ECG sample 691 at 5.528 seconds from window start
699,ecg_0692,normalized amplitude (unitless),ECG sample 692 at 5.536 seconds from window start
700,ecg_0693,normalized amplitude (unitless),ECG sample 693 at 5.544 seconds from window start
701,ecg_0694,normalized amplitude (unitless),ECG sample 694 at 5.552 seconds from window start
702,ecg_0695,normalized amplitude (unitless),ECG sample 695 at 5.560 seconds from window start
703,ecg_0696,normalized amplitude (unitless),ECG sample 696 at 5.568 seconds from window start
704,ecg_0697,normalized amplitude (unitless),ECG sample 697 at 5.576 seconds from window start
705,ecg_0698,normalized amplitude (unitless),ECG sample 698 at 5.584 seconds from window start
706,ecg_0699,normalized amplitude (unitless),ECG sample 699 at 5.592 seconds from window start
707,ecg_0700,normalized amplitude (unitless),ECG sample 700 at 5.600 seconds from window start
708,ecg_0701,normalized amplitude (unitless),ECG sample 701 at 5.608 seconds from window start
709,ecg_0702,normalized amplitude (unitless),ECG sample 702 at 5.616 seconds from window start
710,ecg_0703,normalized amplitude (unitless),ECG sample 703 at 5.624 seconds from window start
711,ecg_0704,normalized amplitude (unitless),ECG sample 704 at 5.632 seconds from window start
712,ecg_0705,normalized amplitude (unitless),ECG sample 705 at 5.640 seconds from window start
713,ecg_0706,normalized amplitude (unitless),ECG sample 706 at 5.648 seconds from window start
714,ecg_0707,normalized amplitude (unitless),ECG sample 707 at 5.656 seconds from window start
715,ecg_0708,normalized amplitude (unitless),ECG sample 708 at 5.664 seconds from window start
716,ecg_0709,normalized amplitude (unitless),ECG sample 709 at 5.672 seconds from window start
717,ecg_0710,normalized amplitude (unitless),ECG sample 710 at 5.680 seconds from window start
718,ecg_0711,normalized amplitude (unitless),ECG sample 711 at 5.688 seconds from window start
719,ecg_0712,normalized amplitude (unitless),ECG sample 712 at 5.696 seconds from window start
720,ecg_0713,normalized amplitude (unitless),ECG sample 713 at 5.704 seconds from window start
721,ecg_0714,normalized amplitude (unitless),ECG sample 714 at 5.712 seconds from window start
722,ecg_0715,normalized amplitude (unitless),ECG sample 715 at 5.720 seconds from window start
723,ecg_0716,normalized amplitude (unitless),ECG sample 716 at 5.728 seconds from window start
724,ecg_0717,normalized amplitude (unitless),ECG sample 717 at 5.736 seconds from window start
725,ecg_0718,normalized amplitude (unitless),ECG sample 718 at 5.744 seconds from window start
726,ecg_0719,normalized amplitude (unitless),ECG sample 719 at 5.752 seconds from window start
727,ecg_0720,normalized amplitude (unitless),ECG sample 720 at 5.760 seconds from window start
728,ecg_0721,normalized amplitude (unitless),ECG sample 721 at 5.768 seconds from window start
729,ecg_0722,normalized amplitude (unitless),ECG sample 722 at 5.776 seconds from window start
730,ecg_0723,normalized amplitude (unitless),ECG sample 723 at 5.784 seconds from window start
731,ecg_0724,normalized amplitude (unitless),ECG sample 724 at 5.792 seconds from window start
732,ecg_0725,normalized amplitude (unitless),ECG sample 725 at 5.800 seconds from window start
733,ecg_0726,normalized amplitude (unitless),ECG sample 726 at 5.808 seconds from window start
734,ecg_0727,normalized amplitude (unitless),ECG sample 727 at 5.816 seconds from window start
735,ecg_0728,normalized amplitude (unitless),ECG sample 728 at 5.824 seconds from window start
736,ecg_0729,normalized amplitude (unitless),ECG sample 729 at 5.832 seconds from window start
737,ecg_0730,normalized amplitude (unitless),ECG sample 730 at 5.840 seconds from window start
738,ecg_0731,normalized amplitude (unitless),ECG sample 731 at 5.848 seconds from window start
739,ecg_0732,normalized amplitude (unitless),ECG sample 732 at 5.856 seconds from window start
740,ecg_0733,normalized amplitude (unitless),ECG sample 733 at 5.864 seconds from window start
741,ecg_0734,normalized amplitude (unitless),ECG sample 734 at 5.872 seconds from window start
742,ecg_0735,normalized amplitude (unitless),ECG sample 735 at 5.880 seconds from window start
743,ecg_0736,normalized amplitude (unitless),ECG sample 736 at 5.888 seconds from window start
744,ecg_0737,normalized amplitude (unitless),ECG sample 737 at 5.896 seconds from window start
745,ecg_0738,normalized amplitude (unitless),ECG sample 738 at 5.904 seconds from window start
746,ecg_0739,normalized amplitude (unitless),ECG sample 739 at 5.912 seconds from window start
747,ecg_0740,normalized amplitude (unitless),ECG sample 740 at 5.920 seconds from window start
748,ecg_0741,normalized amplitude (unitless),ECG sample 741 at 5.928 seconds from window start
749,ecg_0742,normalized amplitude (unitless),ECG sample 742 at 5.936 seconds from window start
750,ecg_0743,normalized amplitude (unitless),ECG sample 743 at 5.944 seconds from window start
751,ecg_0744,normalized amplitude (unitless),ECG sample 744 at 5.952 seconds from window start
752,ecg_0745,normalized amplitude (unitless),ECG sample 745 at 5.960 seconds from window start
753,ecg_0746,normalized amplitude (unitless),ECG sample 746 at 5.968 seconds from window start
754,ecg_0747,normalized amplitude (unitless),ECG sample 747 at 5.976 seconds from window start
755,ecg_0748,normalized amplitude (unitless),ECG sample 748 at 5.984 seconds from window start
756,ecg_0749,normalized amplitude (unitless),ECG sample 749 at 5.992 seconds from window start
757,ecg_0750,normalized amplitude (unitless),ECG sample 750 at 6.000 seconds from window start
758,ecg_0751,normalized amplitude (unitless),ECG sample 751 at 6.008 seconds from window start
759,ecg_0752,normalized amplitude (unitless),ECG sample 752 at 6.016 seconds from window start
760,ecg_0753,normalized amplitude (unitless),ECG sample 753 at 6.024 seconds from window start
761,ecg_0754,normalized amplitude (unitless),ECG sample 754 at 6.032 seconds from window start
762,ecg_0755,normalized amplitude (unitless),ECG sample 755 at 6.040 seconds from window start
763,ecg_0756,normalized amplitude (unitless),ECG sample 756 at 6.048 seconds from window start
764,ecg_0757,normalized amplitude (unitless),ECG sample 757 at 6.056 seconds from window start
765,ecg_0758,normalized amplitude (unitless),ECG sample 758 at 6.064 seconds from window start
766,ecg_0759,normalized amplitude (unitless),ECG sample 759 at 6.072 seconds from window start
767,ecg_0760,normalized amplitude (unitless),ECG sample 760 at 6.080 seconds from window start
768,ecg_0761,normalized amplitude (unitless),ECG sample 761 at 6.088 seconds from window start
769,ecg_0762,normalized amplitude (unitless),ECG sample 762 at 6.096 seconds from window start
770,ecg_0763,normalized amplitude (unitless),ECG sample 763 at 6.104 seconds from window start
771,ecg_0764,normalized amplitude (unitless),ECG sample 764 at 6.112 seconds from window start
772,ecg_0765,normalized amplitude (unitless),ECG sample 765 at 6.120 seconds from window start
773,ecg_0766,normalized amplitude (unitless),ECG sample 766 at 6.128 seconds from window start
774,ecg_0767,normalized amplitude (unitless),ECG sample 767 at 6.136 seconds from window start
775,ecg_0768,normalized amplitude (unitless),ECG sample 768 at 6.144 seconds from window start
776,ecg_0769,normalized amplitude (unitless),ECG sample 769 at 6.152 seconds from window start
777,ecg_0770,normalized amplitude (unitless),ECG sample 770 at 6.160 seconds from window start
778,ecg_0771,normalized amplitude (unitless),ECG sample 771 at 6.168 seconds from window start
779,ecg_0772,normalized amplitude (unitless),ECG sample 772 at 6.176 seconds from window start
780,ecg_0773,normalized amplitude (unitless),ECG sample 773 at 6.184 seconds from window start
781,ecg_0774,normalized amplitude (unitless),ECG sample 774 at 6.192 seconds from window start
782,ecg_0775,normalized amplitude (unitless),ECG sample 775 at 6.200 seconds from window start
783,ecg_0776,normalized amplitude (unitless),ECG sample 776 at 6.208 seconds from window start
784,ecg_0777,normalized amplitude (unitless),ECG sample 777 at 6.216 seconds from window start
785,ecg_0778,normalized amplitude (unitless),ECG sample 778 at 6.224 seconds from window start
786,ecg_0779,normalized amplitude (unitless),ECG sample 779 at 6.232 seconds from window start
787,ecg_0780,normalized amplitude (unitless),ECG sample 780 at 6.240 seconds from window start
788,ecg_0781,normalized amplitude (unitless),ECG sample 781 at 6.248 seconds from window start
789,ecg_0782,normalized amplitude (unitless),ECG sample 782 at 6.256 seconds from window start
790,ecg_0783,normalized amplitude (unitless),ECG sample 783 at 6.264 seconds from window start
791,ecg_0784,normalized amplitude (unitless),ECG sample 784 at 6.272 seconds from window start
792,ecg_0785,normalized amplitude (unitless),ECG sample 785 at 6.280 seconds from window start
793,ecg_0786,normalized amplitude (unitless),ECG sample 786 at 6.288 seconds from window start
794,ecg_0787,normalized amplitude (unitless),ECG sample 787 at 6.296 seconds from window start
795,ecg_0788,normalized amplitude (unitless),ECG sample 788 at 6.304 seconds from window start
796,ecg_0789,normalized amplitude (unitless),ECG sample 789 at 6.312 seconds from window start
797,ecg_0790,normalized amplitude (unitless),ECG sample 790 at 6.320 seconds from window start
798,ecg_0791,normalized amplitude (unitless),ECG sample 791 at 6.328 seconds from window start
799,ecg_0792,normalized amplitude (unitless),ECG sample 792 at 6.336 seconds from window start
800,ecg_0793,normalized amplitude (unitless),ECG sample 793 at 6.344 seconds from window start
801,ecg_0794,normalized amplitude (unitless),ECG sample 794 at 6.352 seconds from window start
802,ecg_0795,normalized amplitude (unitless),ECG sample 795 at 6.360 seconds from window start
803,ecg_0796,normalized amplitude (unitless),ECG sample 796 at 6.368 seconds from window start
804,ecg_0797,normalized amplitude (unitless),ECG sample 797 at 6.376 seconds from window start
805,ecg_0798,normalized amplitude (unitless),ECG sample 798 at 6.384 seconds from window start
806,ecg_0799,normalized amplitude (unitless),ECG sample 799 at 6.392 seconds from window start
807,ecg_0800,normalized amplitude (unitless),ECG sample 800 at 6.400 seconds from window start
808,ecg_0801,normalized amplitude (unitless),ECG sample 801 at 6.408 seconds from window start
809,ecg_0802,normalized amplitude (unitless),ECG sample 802 at 6.416 seconds from window start
810,ecg_0803,normalized amplitude (unitless),ECG sample 803 at 6.424 seconds from window start
811,ecg_0804,normalized amplitude (unitless),ECG sample 804 at 6.432 seconds from window start
812,ecg_0805,normalized amplitude (unitless),ECG sample 805 at 6.440 seconds from window start
813,ecg_0806,normalized amplitude (unitless),ECG sample 806 at 6.448 seconds from window start
814,ecg_0807,normalized amplitude (unitless),ECG sample 807 at 6.456 seconds from window start
815,ecg_0808,normalized amplitude (unitless),ECG sample 808 at 6.464 seconds from window start
816,ecg_0809,normalized amplitude (unitless),ECG sample 809 at 6.472 seconds from window start
817,ecg_0810,normalized amplitude (unitless),ECG sample 810 at 6.480 seconds from window start
818,ecg_0811,normalized amplitude (unitless),ECG sample 811 at 6.488 seconds from window start
819,ecg_0812,normalized amplitude (unitless),ECG sample 812 at 6.496 seconds from window start
820,ecg_0813,normalized amplitude (unitless),ECG sample 813 at 6.504 seconds from window start
821,ecg_0814,normalized amplitude (unitless),ECG sample 814 at 6.512 seconds from window start
822,ecg_0815,normalized amplitude (unitless),ECG sample 815 at 6.520 seconds from window start
823,ecg_0816,normalized amplitude (unitless),ECG sample 816 at 6.528 seconds from window start
824,ecg_0817,normalized amplitude (unitless),ECG sample 817 at 6.536 seconds from window start
825,ecg_0818,normalized amplitude (unitless),ECG sample 818 at 6.544 seconds from window start
826,ecg_0819,normalized amplitude (unitless),ECG sample 819 at 6.552 seconds from window start
827,ecg_0820,normalized amplitude (unitless),ECG sample 820 at 6.560 seconds from window start
828,ecg_0821,normalized amplitude (unitless),ECG sample 821 at 6.568 seconds from window start
829,ecg_0822,normalized amplitude (unitless),ECG sample 822 at 6.576 seconds from window start
830,ecg_0823,normalized amplitude (unitless),ECG sample 823 at 6.584 seconds from window start
831,ecg_0824,normalized amplitude (unitless),ECG sample 824 at 6.592 seconds from window start
832,ecg_0825,normalized amplitude (unitless),ECG sample 825 at 6.600 seconds from window start
833,ecg_0826,normalized amplitude (unitless),ECG sample 826 at 6.608 seconds from window start
834,ecg_0827,normalized amplitude (unitless),ECG sample 827 at 6.616 seconds from window start
835,ecg_0828,normalized amplitude (unitless),ECG sample 828 at 6.624 seconds from window start
836,ecg_0829,normalized amplitude (unitless),ECG sample 829 at 6.632 seconds from window start
837,ecg_0830,normalized amplitude (unitless),ECG sample 830 at 6.640 seconds from window start
838,ecg_0831,normalized amplitude (unitless),ECG sample 831 at 6.648 seconds from window start
839,ecg_0832,normalized amplitude (unitless),ECG sample 832 at 6.656 seconds from window start
840,ecg_0833,normalized amplitude (unitless),ECG sample 833 at 6.664 seconds from window start
841,ecg_0834,normalized amplitude (unitless),ECG sample 834 at 6.672 seconds from window start
842,ecg_0835,normalized amplitude (unitless),ECG sample 835 at 6.680 seconds from window start
843,ecg_0836,normalized amplitude (unitless),ECG sample 836 at 6.688 seconds from window start
844,ecg_0837,normalized amplitude (unitless),ECG sample 837 at 6.696 seconds from window start
845,ecg_0838,normalized amplitude (unitless),ECG sample 838 at 6.704 seconds from window start
846,ecg_0839,normalized amplitude (unitless),ECG sample 839 at 6.712 seconds from window start
847,ecg_0840,normalized amplitude (unitless),ECG sample 840 at 6.720 seconds from window start
848,ecg_0841,normalized amplitude (unitless),ECG sample 841 at 6.728 seconds from window start
849,ecg_0842,normalized amplitude (unitless),ECG sample 842 at 6.736 seconds from window start
850,ecg_0843,normalized amplitude (unitless),ECG sample 843 at 6.744 seconds from window start
851,ecg_0844,normalized amplitude (unitless),ECG sample 844 at 6.752 seconds from window start
852,ecg_0845,normalized amplitude (unitless),ECG sample 845 at 6.760 seconds from window start
853,ecg_0846,normalized amplitude (unitless),ECG sample 846 at 6.768 seconds from window start
854,ecg_0847,normalized amplitude (unitless),ECG sample 847 at 6.776 seconds from window start
855,ecg_0848,normalized amplitude (unitless),ECG sample 848 at 6.784 seconds from window start
856,ecg_0849,normalized amplitude (unitless),ECG sample 849 at 6.792 seconds from window start
857,ecg_0850,normalized amplitude (unitless),ECG sample 850 at 6.800 seconds from window start
858,ecg_0851,normalized amplitude (unitless),ECG sample 851 at 6.808 seconds from window start
859,ecg_0852,normalized amplitude (unitless),ECG sample 852 at 6.816 seconds from window start
860,ecg_0853,normalized amplitude (unitless),ECG sample 853 at 6.824 seconds from window start
861,ecg_0854,normalized amplitude (unitless),ECG sample 854 at 6.832 seconds from window start
862,ecg_0855,normalized amplitude (unitless),ECG sample 855 at 6.840 seconds from window start
863,ecg_0856,normalized amplitude (unitless),ECG sample 856 at 6.848 seconds from window start
864,ecg_0857,normalized amplitude (unitless),ECG sample 857 at 6.856 seconds from window start
865,ecg_0858,normalized amplitude (unitless),ECG sample 858 at 6.864 seconds from window start
866,ecg_0859,normalized amplitude (unitless),ECG sample 859 at 6.872 seconds from window start
867,ecg_0860,normalized amplitude (unitless),ECG sample 860 at 6.880 seconds from window start
868,ecg_0861,normalized amplitude (unitless),ECG sample 861 at 6.888 seconds from window start
869,ecg_0862,normalized amplitude (unitless),ECG sample 862 at 6.896 seconds from window start
870,ecg_0863,normalized amplitude (unitless),ECG sample 863 at 6.904 seconds from window start
871,ecg_0864,normalized amplitude (unitless),ECG sample 864 at 6.912 seconds from window start
872,ecg_0865,normalized amplitude (unitless),ECG sample 865 at 6.920 seconds from window start
873,ecg_0866,normalized amplitude (unitless),ECG sample 866 at 6.928 seconds from window start
874,ecg_0867,normalized amplitude (unitless),ECG sample 867 at 6.936 seconds from window start
875,ecg_0868,normalized amplitude (unitless),ECG sample 868 at 6.944 seconds from window start
876,ecg_0869,normalized amplitude (unitless),ECG sample 869 at 6.952 seconds from window start
877,ecg_0870,normalized amplitude (unitless),ECG sample 870 at 6.960 seconds from window start
878,ecg_0871,normalized amplitude (unitless),ECG sample 871 at 6.968 seconds from window start
879,ecg_0872,normalized amplitude (unitless),ECG sample 872 at 6.976 seconds from window start
880,ecg_0873,normalized amplitude (unitless),ECG sample 873 at 6.984 seconds from window start
881,ecg_0874,normalized amplitude (unitless),ECG sample 874 at 6.992 seconds from window start
882,ecg_0875,normalized amplitude (unitless),ECG sample 875 at 7.000 seconds from window start
883,ecg_0876,normalized amplitude (unitless),ECG sample 876 at 7.008 seconds from window start
884,ecg_0877,normalized amplitude (unitless),ECG sample 877 at 7.016 seconds from window start
885,ecg_0878,normalized amplitude (unitless),ECG sample 878 at 7.024 seconds from window start
886,ecg_0879,normalized amplitude (unitless),ECG sample 879 at 7.032 seconds from window start
887,ecg_0880,normalized amplitude (unitless),ECG sample 880 at 7.040 seconds from window start
888,ecg_0881,normalized amplitude (unitless),ECG sample 881 at 7.048 seconds from window start
889,ecg_0882,normalized amplitude (unitless),ECG sample 882 at 7.056 seconds from window start
890,ecg_0883,normalized amplitude (unitless),ECG sample 883 at 7.064 seconds from window start
891,ecg_0884,normalized amplitude (unitless),ECG sample 884 at 7.072 seconds from window start
892,ecg_0885,normalized amplitude (unitless),ECG sample 885 at 7.080 seconds from window start
893,ecg_0886,normalized amplitude (unitless),ECG sample 886 at 7.088 seconds from window start
894,ecg_0887,normalized amplitude (unitless),ECG sample 887 at 7.096 seconds from window start
895,ecg_0888,normalized amplitude (unitless),ECG sample 888 at 7.104 seconds from window start
896,ecg_0889,normalized amplitude (unitless),ECG sample 889 at 7.112 seconds from window start
897,ecg_0890,normalized amplitude (unitless),ECG sample 890 at 7.120 seconds from window start
898,ecg_0891,normalized amplitude (unitless),ECG sample 891 at 7.128 seconds from window start
899,ecg_0892,normalized amplitude (unitless),ECG sample 892 at 7.136 seconds from window start
900,ecg_0893,normalized amplitude (unitless),ECG sample 893 at 7.144 seconds from window start
901,ecg_0894,normalized amplitude (unitless),ECG sample 894 at 7.152 seconds from window start
902,ecg_0895,normalized amplitude (unitless),ECG sample 895 at 7.160 seconds from window start
903,ecg_0896,normalized amplitude (unitless),ECG sample 896 at 7.168 seconds from window start
904,ecg_0897,normalized amplitude (unitless),ECG sample 897 at 7.176 seconds from window start
905,ecg_0898,normalized amplitude (unitless),ECG sample 898 at 7.184 seconds from window start
906,ecg_0899,normalized amplitude (unitless),ECG sample 899 at 7.192 seconds from window start
907,ecg_0900,normalized amplitude (unitless),ECG sample 900 at 7.200 seconds from window start
908,ecg_0901,normalized amplitude (unitless),ECG sample 901 at 7.208 seconds from window start
909,ecg_0902,normalized amplitude (unitless),ECG sample 902 at 7.216 seconds from window start
910,ecg_0903,normalized amplitude (unitless),ECG sample 903 at 7.224 seconds from window start
911,ecg_0904,normalized amplitude (unitless),ECG sample 904 at 7.232 seconds from window start
912,ecg_0905,normalized amplitude (unitless),ECG sample 905 at 7.240 seconds from window start
913,ecg_0906,normalized amplitude (unitless),ECG sample 906 at 7.248 seconds from window start
914,ecg_0907,normalized amplitude (unitless),ECG sample 907 at 7.256 seconds from window start
915,ecg_0908,normalized amplitude (unitless),ECG sample 908 at 7.264 seconds from window start
916,ecg_0909,normalized amplitude (unitless),ECG sample 909 at 7.272 seconds from window start
917,ecg_0910,normalized amplitude (unitless),ECG sample 910 at 7.280 seconds from window start
918,ecg_0911,normalized amplitude (unitless),ECG sample 911 at 7.288 seconds from window start
919,ecg_0912,normalized amplitude (unitless),ECG sample 912 at 7.296 seconds from window start
920,ecg_0913,normalized amplitude (unitless),ECG sample 913 at 7.304 seconds from window start
921,ecg_0914,normalized amplitude (unitless),ECG sample 914 at 7.312 seconds from window start
922,ecg_0915,normalized amplitude (unitless),ECG sample 915 at 7.320 seconds from window start
923,ecg_0916,normalized amplitude (unitless),ECG sample 916 at 7.328 seconds from window start
924,ecg_0917,normalized amplitude (unitless),ECG sample 917 at 7.336 seconds from window start
925,ecg_0918,normalized amplitude (unitless),ECG sample 918 at 7.344 seconds from window start
926,ecg_0919,normalized amplitude (unitless),ECG sample 919 at 7.352 seconds from window start
927,ecg_0920,normalized amplitude (unitless),ECG sample 920 at 7.360 seconds from window start
928,ecg_0921,normalized amplitude (unitless),ECG sample 921 at 7.368 seconds from window start
929,ecg_0922,normalized amplitude (unitless),ECG sample 922 at 7.376 seconds from window start
930,ecg_0923,normalized amplitude (unitless),ECG sample 923 at 7.384 seconds from window start
931,ecg_0924,normalized amplitude (unitless),ECG sample 924 at 7.392 seconds from window start
932,ecg_0925,normalized amplitude (unitless),ECG sample 925 at 7.400 seconds from window start
933,ecg_0926,normalized amplitude (unitless),ECG sample 926 at 7.408 seconds from window start
934,ecg_0927,normalized amplitude (unitless),ECG sample 927 at 7.416 seconds from window start
935,ecg_0928,normalized amplitude (unitless),ECG sample 928 at 7.424 seconds from window start
936,ecg_0929,normalized amplitude (unitless),ECG sample 929 at 7.432 seconds from window start
937,ecg_0930,normalized amplitude (unitless),ECG sample 930 at 7.440 seconds from window start
938,ecg_0931,normalized amplitude (unitless),ECG sample 931 at 7.448 seconds from window start
939,ecg_0932,normalized amplitude (unitless),ECG sample 932 at 7.456 seconds from window start
940,ecg_0933,normalized amplitude (unitless),ECG sample 933 at 7.464 seconds from window start
941,ecg_0934,normalized amplitude (unitless),ECG sample 934 at 7.472 seconds from window start
942,ecg_0935,normalized amplitude (unitless),ECG sample 935 at 7.480 seconds from window start
943,ecg_0936,normalized amplitude (unitless),ECG sample 936 at 7.488 seconds from window start
944,ecg_0937,normalized amplitude (unitless),ECG sample 937 at 7.496 seconds from window start
945,ecg_0938,normalized amplitude (unitless),ECG sample 938 at 7.504 seconds from window start
946,ecg_0939,normalized amplitude (unitless),ECG sample 939 at 7.512 seconds from window start
947,ecg_0940,normalized amplitude (unitless),ECG sample 940 at 7.520 seconds from window start
948,ecg_0941,normalized amplitude (unitless),ECG sample 941 at 7.528 seconds from window start
949,ecg_0942,normalized amplitude (unitless),ECG sample 942 at 7.536 seconds from window start
950,ecg_0943,normalized amplitude (unitless),ECG sample 943 at 7.544 seconds from window start
951,ecg_0944,normalized amplitude (unitless),ECG sample 944 at 7.552 seconds from window start
952,ecg_0945,normalized amplitude (unitless),ECG sample 945 at 7.560 seconds from window start
953,ecg_0946,normalized amplitude (unitless),ECG sample 946 at 7.568 seconds from window start
954,ecg_0947,normalized amplitude (unitless),ECG sample 947 at 7.576 seconds from window start
955,ecg_0948,normalized amplitude (unitless),ECG sample 948 at 7.584 seconds from window start
956,ecg_0949,normalized amplitude (unitless),ECG sample 949 at 7.592 seconds from window start
957,ecg_0950,normalized amplitude (unitless),ECG sample 950 at 7.600 seconds from window start
958,ecg_0951,normalized amplitude (unitless),ECG sample 951 at 7.608 seconds from window start
959,ecg_0952,normalized amplitude (unitless),ECG sample 952 at 7.616 seconds from window start
960,ecg_0953,normalized amplitude (unitless),ECG sample 953 at 7.624 seconds from window start
961,ecg_0954,normalized amplitude (unitless),ECG sample 954 at 7.632 seconds from window start
962,ecg_0955,normalized amplitude (unitless),ECG sample 955 at 7.640 seconds from window start
963,ecg_0956,normalized amplitude (unitless),ECG sample 956 at 7.648 seconds from window start
964,ecg_0957,normalized amplitude (unitless),ECG sample 957 at 7.656 seconds from window start
965,ecg_0958,normalized amplitude (unitless),ECG sample 958 at 7.664 seconds from window start
966,ecg_0959,normalized amplitude (unitless),ECG sample 959 at 7.672 seconds from window start
967,ecg_0960,normalized amplitude (unitless),ECG sample 960 at 7.680 seconds from window start
968,ecg_0961,normalized amplitude (unitless),ECG sample 961 at 7.688 seconds from window start
969,ecg_0962,normalized amplitude (unitless),ECG sample 962 at 7.696 seconds from window start
970,ecg_0963,normalized amplitude (unitless),ECG sample 963 at 7.704 seconds from window start
971,ecg_0964,normalized amplitude (unitless),ECG sample 964 at 7.712 seconds from window start
972,ecg_0965,normalized amplitude (unitless),ECG sample 965 at 7.720 seconds from window start
973,ecg_0966,normalized amplitude (unitless),ECG sample 966 at 7.728 seconds from window start
974,ecg_0967,normalized amplitude (unitless),ECG sample 967 at 7.736 seconds from window start
975,ecg_0968,normalized amplitude (unitless),ECG sample 968 at 7.744 seconds from window start
976,ecg_0969,normalized amplitude (unitless),ECG sample 969 at 7.752 seconds from window start
977,ecg_0970,normalized amplitude (unitless),ECG sample 970 at 7.760 seconds from window start
978,ecg_0971,normalized amplitude (unitless),ECG sample 971 at 7.768 seconds from window start
979,ecg_0972,normalized amplitude (unitless),ECG sample 972 at 7.776 seconds from window start
980,ecg_0973,normalized amplitude (unitless),ECG sample 973 at 7.784 seconds from window start
981,ecg_0974,normalized amplitude (unitless),ECG sample 974 at 7.792 seconds from window start
982,ecg_0975,normalized amplitude (unitless),ECG sample 975 at 7.800 seconds from window start
983,ecg_0976,normalized amplitude (unitless),ECG sample 976 at 7.808 seconds from window start
984,ecg_0977,normalized amplitude (unitless),ECG sample 977 at 7.816 seconds from window start
985,ecg_0978,normalized amplitude (unitless),ECG sample 978 at 7.824 seconds from window start
986,ecg_0979,normalized amplitude (unitless),ECG sample 979 at 7.832 seconds from window start
987,ecg_0980,normalized amplitude (unitless),ECG sample 980 at 7.840 seconds from window start
988,ecg_0981,normalized amplitude (unitless),ECG sample 981 at 7.848 seconds from window start
989,ecg_0982,normalized amplitude (unitless),ECG sample 982 at 7.856 seconds from window start
990,ecg_0983,normalized amplitude (unitless),ECG sample 983 at 7.864 seconds from window start
991,ecg_0984,normalized amplitude (unitless),ECG sample 984 at 7.872 seconds from window start
992,ecg_0985,normalized amplitude (unitless),ECG sample 985 at 7.880 seconds from window start
993,ecg_0986,normalized amplitude (unitless),ECG sample 986 at 7.888 seconds from window start
994,ecg_0987,normalized amplitude (unitless),ECG sample 987 at 7.896 seconds from window start
995,ecg_0988,normalized amplitude (unitless),ECG sample 988 at 7.904 seconds from window start
996,ecg_0989,normalized amplitude (unitless),ECG sample 989 at 7.912 seconds from window start
997,ecg_0990,normalized amplitude (unitless),ECG sample 990 at 7.920 seconds from window start
998,ecg_0991,normalized amplitude (unitless),ECG sample 991 at 7.928 seconds from window start
999,ecg_0992,normalized amplitude (unitless),ECG sample 992 at 7.936 seconds from window start
1000,ecg_0993,normalized amplitude (unitless),ECG sample 993 at 7.944 seconds from window start
1001,ecg_0994,normalized amplitude (unitless),ECG sample 994 at 7.952 seconds from window start
1002,ecg_0995,normalized amplitude (unitless),ECG sample 995 at 7.960 seconds from window start
1003,ecg_0996,normalized amplitude (unitless),ECG sample 996 at 7.968 seconds from window start
1004,ecg_0997,normalized amplitude (unitless),ECG sample 997 at 7.976 seconds from window start
1005,ecg_0998,normalized amplitude (unitless),ECG sample 998 at 7.984 seconds from window start
1006,ecg_0999,normalized amplitude (unitless),ECG sample 999 at 7.992 seconds from window start
1007,ecg_1000,normalized amplitude (unitless),ECG sample 1000 at 8.000 seconds from window start
1008,ecg_1001,normalized amplitude (unitless),ECG sample 1001 at 8.008 seconds from window start
1009,ecg_1002,normalized amplitude (unitless),ECG sample 1002 at 8.016 seconds from window start
1010,ecg_1003,normalized amplitude (unitless),ECG sample 1003 at 8.024 seconds from window start
1011,ecg_1004,normalized amplitude (unitless),ECG sample 1004 at 8.032 seconds from window start
1012,ecg_1005,normalized amplitude (unitless),ECG sample 1005 at 8.040 seconds from window start
1013,ecg_1006,normalized amplitude (unitless),ECG sample 1006 at 8.048 seconds from window start
1014,ecg_1007,normalized amplitude (unitless),ECG sample 1007 at 8.056 seconds from window start
1015,ecg_1008,normalized amplitude (unitless),ECG sample 1008 at 8.064 seconds from window start
1016,ecg_1009,normalized amplitude (unitless),ECG sample 1009 at 8.072 seconds from window start
1017,ecg_1010,normalized amplitude (unitless),ECG sample 1010 at 8.080 seconds from window start
1018,ecg_1011,normalized amplitude (unitless),ECG sample 1011 at 8.088 seconds from window start
1019,ecg_1012,normalized amplitude (unitless),ECG sample 1012 at 8.096 seconds from window start
1020,ecg_1013,normalized amplitude (unitless),ECG sample 1013 at 8.104 seconds from window start
1021,ecg_1014,normalized amplitude (unitless),ECG sample 1014 at 8.112 seconds from window start
1022,ecg_1015,normalized amplitude (unitless),ECG sample 1015 at 8.120 seconds from window start
1023,ecg_1016,normalized amplitude (unitless),ECG sample 1016 at 8.128 seconds from window start
1024,ecg_1017,normalized amplitude (unitless),ECG sample 1017 at 8.136 seconds from window start
1025,ecg_1018,normalized amplitude (unitless),ECG sample 1018 at 8.144 seconds from window start
1026,ecg_1019,normalized amplitude (unitless),ECG sample 1019 at 8.152 seconds from window start
1027,ecg_1020,normalized amplitude (unitless),ECG sample 1020 at 8.160 seconds from window start
1028,ecg_1021,normalized amplitude (unitless),ECG sample 1021 at 8.168 seconds from window start
1029,ecg_1022,normalized amplitude (unitless),ECG sample 1022 at 8.176 seconds from window start
1030,ecg_1023,normalized amplitude (unitless),ECG sample 1023 at 8.184 seconds from window start
1031,ecg_1024,normalized amplitude (unitless),ECG sample 1024 at 8.192 seconds from window start
1032,ecg_1025,normalized amplitude (unitless),ECG sample 1025 at 8.200 seconds from window start
1033,ecg_1026,normalized amplitude (unitless),ECG sample 1026 at 8.208 seconds from window start
1034,ecg_1027,normalized amplitude (unitless),ECG sample 1027 at 8.216 seconds from window start
1035,ecg_1028,normalized amplitude (unitless),ECG sample 1028 at 8.224 seconds from window start
1036,ecg_1029,normalized amplitude (unitless),ECG sample 1029 at 8.232 seconds from window start
1037,ecg_1030,normalized amplitude (unitless),ECG sample 1030 at 8.240 seconds from window start
1038,ecg_1031,normalized amplitude (unitless),ECG sample 1031 at 8.248 seconds from window start
1039,ecg_1032,normalized amplitude (unitless),ECG sample 1032 at 8.256 seconds from window start
1040,ecg_1033,normalized amplitude (unitless),ECG sample 1033 at 8.264 seconds from window start
1041,ecg_1034,normalized amplitude (unitless),ECG sample 1034 at 8.272 seconds from window start
1042,ecg_1035,normalized amplitude (unitless),ECG sample 1035 at 8.280 seconds from window start
1043,ecg_1036,normalized amplitude (unitless),ECG sample 1036 at 8.288 seconds from window start
1044,ecg_1037,normalized amplitude (unitless),ECG sample 1037 at 8.296 seconds from window start
1045,ecg_1038,normalized amplitude (unitless),ECG sample 1038 at 8.304 seconds from window start
1046,ecg_1039,normalized amplitude (unitless),ECG sample 1039 at 8.312 seconds from window start
1047,ecg_1040,normalized amplitude (unitless),ECG sample 1040 at 8.320 seconds from window start
1048,ecg_1041,normalized amplitude (unitless),ECG sample 1041 at 8.328 seconds from window start
1049,ecg_1042,normalized amplitude (unitless),ECG sample 1042 at 8.336 seconds from window start
1050,ecg_1043,normalized amplitude (unitless),ECG sample 1043 at 8.344 seconds from window start
1051,ecg_1044,normalized amplitude (unitless),ECG sample 1044 at 8.352 seconds from window start
1052,ecg_1045,normalized amplitude (unitless),ECG sample 1045 at 8.360 seconds from window start
1053,ecg_1046,normalized amplitude (unitless),ECG sample 1046 at 8.368 seconds from window start
1054,ecg_1047,normalized amplitude (unitless),ECG sample 1047 at 8.376 seconds from window start
1055,ecg_1048,normalized amplitude (unitless),ECG sample 1048 at 8.384 seconds from window start
1056,ecg_1049,normalized amplitude (unitless),ECG sample 1049 at 8.392 seconds from window start
1057,ecg_1050,normalized amplitude (unitless),ECG sample 1050 at 8.400 seconds from window start
1058,ecg_1051,normalized amplitude (unitless),ECG sample 1051 at 8.408 seconds from window start
1059,ecg_1052,normalized amplitude (unitless),ECG sample 1052 at 8.416 seconds from window start
1060,ecg_1053,normalized amplitude (unitless),ECG sample 1053 at 8.424 seconds from window start
1061,ecg_1054,normalized amplitude (unitless),ECG sample 1054 at 8.432 seconds from window start
1062,ecg_1055,normalized amplitude (unitless),ECG sample 1055 at 8.440 seconds from window start
1063,ecg_1056,normalized amplitude (unitless),ECG sample 1056 at 8.448 seconds from window start
1064,ecg_1057,normalized amplitude (unitless),ECG sample 1057 at 8.456 seconds from window start
1065,ecg_1058,normalized amplitude (unitless),ECG sample 1058 at 8.464 seconds from window start
1066,ecg_1059,normalized amplitude (unitless),ECG sample 1059 at 8.472 seconds from window start
1067,ecg_1060,normalized amplitude (unitless),ECG sample 1060 at 8.480 seconds from window start
1068,ecg_1061,normalized amplitude (unitless),ECG sample 1061 at 8.488 seconds from window start
1069,ecg_1062,normalized amplitude (unitless),ECG sample 1062 at 8.496 seconds from window start
1070,ecg_1063,normalized amplitude (unitless),ECG sample 1063 at 8.504 seconds from window start
1071,ecg_1064,normalized amplitude (unitless),ECG sample 1064 at 8.512 seconds from window start
1072,ecg_1065,normalized amplitude (unitless),ECG sample 1065 at 8.520 seconds from window start
1073,ecg_1066,normalized amplitude (unitless),ECG sample 1066 at 8.528 seconds from window start
1074,ecg_1067,normalized amplitude (unitless),ECG sample 1067 at 8.536 seconds from window start
1075,ecg_1068,normalized amplitude (unitless),ECG sample 1068 at 8.544 seconds from window start
1076,ecg_1069,normalized amplitude (unitless),ECG sample 1069 at 8.552 seconds from window start
1077,ecg_1070,normalized amplitude (unitless),ECG sample 1070 at 8.560 seconds from window start
1078,ecg_1071,normalized amplitude (unitless),ECG sample 1071 at 8.568 seconds from window start
1079,ecg_1072,normalized amplitude (unitless),ECG sample 1072 at 8.576 seconds from window start
1080,ecg_1073,normalized amplitude (unitless),ECG sample 1073 at 8.584 seconds from window start
1081,ecg_1074,normalized amplitude (unitless),ECG sample 1074 at 8.592 seconds from window start
1082,ecg_1075,normalized amplitude (unitless),ECG sample 1075 at 8.600 seconds from window start
1083,ecg_1076,normalized amplitude (unitless),ECG sample 1076 at 8.608 seconds from window start
1084,ecg_1077,normalized amplitude (unitless),ECG sample 1077 at 8.616 seconds from window start
1085,ecg_1078,normalized amplitude (unitless),ECG sample 1078 at 8.624 seconds from window start
1086,ecg_1079,normalized amplitude (unitless),ECG sample 1079 at 8.632 seconds from window start
1087,ecg_1080,normalized amplitude (unitless),ECG sample 1080 at 8.640 seconds from window start
1088,ecg_1081,normalized amplitude (unitless),ECG sample 1081 at 8.648 seconds from window start
1089,ecg_1082,normalized amplitude (unitless),ECG sample 1082 at 8.656 seconds from window start
1090,ecg_1083,normalized amplitude (unitless),ECG sample 1083 at 8.664 seconds from window start
1091,ecg_1084,normalized amplitude (unitless),ECG sample 1084 at 8.672 seconds from window start
1092,ecg_1085,normalized amplitude (unitless),ECG sample 1085 at 8.680 seconds from window start
1093,ecg_1086,normalized amplitude (unitless),ECG sample 1086 at 8.688 seconds from window start
1094,ecg_1087,normalized amplitude (unitless),ECG sample 1087 at 8.696 seconds from window start
1095,ecg_1088,normalized amplitude (unitless),ECG sample 1088 at 8.704 seconds from window start
1096,ecg_1089,normalized amplitude (unitless),ECG sample 1089 at 8.712 seconds from window start
1097,ecg_1090,normalized amplitude (unitless),ECG sample 1090 at 8.720 seconds from window start
1098,ecg_1091,normalized amplitude (unitless),ECG sample 1091 at 8.728 seconds from window start
1099,ecg_1092,normalized amplitude (unitless),ECG sample 1092 at 8.736 seconds from window start
1100,ecg_1093,normalized amplitude (unitless),ECG sample 1093 at 8.744 seconds from window start
1101,ecg_1094,normalized amplitude (unitless),ECG sample 1094 at 8.752 seconds from window start
1102,ecg_1095,normalized amplitude (unitless),ECG sample 1095 at 8.760 seconds from window start
1103,ecg_1096,normalized amplitude (unitless),ECG sample 1096 at 8.768 seconds from window start
1104,ecg_1097,normalized amplitude (unitless),ECG sample 1097 at 8.776 seconds from window start
1105,ecg_1098,normalized amplitude (unitless),ECG sample 1098 at 8.784 seconds from window start
1106,ecg_1099,normalized amplitude (unitless),ECG sample 1099 at 8.792 seconds from window start
1107,ecg_1100,normalized amplitude (unitless),ECG sample 1100 at 8.800 seconds from window start
1108,ecg_1101,normalized amplitude (unitless),ECG sample 1101 at 8.808 seconds from window start
1109,ecg_1102,normalized amplitude (unitless),ECG sample 1102 at 8.816 seconds from window start
1110,ecg_1103,normalized amplitude (unitless),ECG sample 1103 at 8.824 seconds from window start
1111,ecg_1104,normalized amplitude (unitless),ECG sample 1104 at 8.832 seconds from window start
1112,ecg_1105,normalized amplitude (unitless),ECG sample 1105 at 8.840 seconds from window start
1113,ecg_1106,normalized amplitude (unitless),ECG sample 1106 at 8.848 seconds from window start
1114,ecg_1107,normalized amplitude (unitless),ECG sample 1107 at 8.856 seconds from window start
1115,ecg_1108,normalized amplitude (unitless),ECG sample 1108 at 8.864 seconds from window start
1116,ecg_1109,normalized amplitude (unitless),ECG sample 1109 at 8.872 seconds from window start
1117,ecg_1110,normalized amplitude (unitless),ECG sample 1110 at 8.880 seconds from window start
1118,ecg_1111,normalized amplitude (unitless),ECG sample 1111 at 8.888 seconds from window start
1119,ecg_1112,normalized amplitude (unitless),ECG sample 1112 at 8.896 seconds from window start
1120,ecg_1113,normalized amplitude (unitless),ECG sample 1113 at 8.904 seconds from window start
1121,ecg_1114,normalized amplitude (unitless),ECG sample 1114 at 8.912 seconds from window start
1122,ecg_1115,normalized amplitude (unitless),ECG sample 1115 at 8.920 seconds from window start
1123,ecg_1116,normalized amplitude (unitless),ECG sample 1116 at 8.928 seconds from window start
1124,ecg_1117,normalized amplitude (unitless),ECG sample 1117 at 8.936 seconds from window start
1125,ecg_1118,normalized amplitude (unitless),ECG sample 1118 at 8.944 seconds from window start
1126,ecg_1119,normalized amplitude (unitless),ECG sample 1119 at 8.952 seconds from window start
1127,ecg_1120,normalized amplitude (unitless),ECG sample 1120 at 8.960 seconds from window start
1128,ecg_1121,normalized amplitude (unitless),ECG sample 1121 at 8.968 seconds from window start
1129,ecg_1122,normalized amplitude (unitless),ECG sample 1122 at 8.976 seconds from window start
1130,ecg_1123,normalized amplitude (unitless),ECG sample 1123 at 8.984 seconds from window start
1131,ecg_1124,normalized amplitude (unitless),ECG sample 1124 at 8.992 seconds from window start
1132,ecg_1125,normalized amplitude (unitless),ECG sample 1125 at 9.000 seconds from window start
1133,ecg_1126,normalized amplitude (unitless),ECG sample 1126 at 9.008 seconds from window start
1134,ecg_1127,normalized amplitude (unitless),ECG sample 1127 at 9.016 seconds from window start
1135,ecg_1128,normalized amplitude (unitless),ECG sample 1128 at 9.024 seconds from window start
1136,ecg_1129,normalized amplitude (unitless),ECG sample 1129 at 9.032 seconds from window start
1137,ecg_1130,normalized amplitude (unitless),ECG sample 1130 at 9.040 seconds from window start
1138,ecg_1131,normalized amplitude (unitless),ECG sample 1131 at 9.048 seconds from window start
1139,ecg_1132,normalized amplitude (unitless),ECG sample 1132 at 9.056 seconds from window start
1140,ecg_1133,normalized amplitude (unitless),ECG sample 1133 at 9.064 seconds from window start
1141,ecg_1134,normalized amplitude (unitless),ECG sample 1134 at 9.072 seconds from window start
1142,ecg_1135,normalized amplitude (unitless),ECG sample 1135 at 9.080 seconds from window start
1143,ecg_1136,normalized amplitude (unitless),ECG sample 1136 at 9.088 seconds from window start
1144,ecg_1137,normalized amplitude (unitless),ECG sample 1137 at 9.096 seconds from window start
1145,ecg_1138,normalized amplitude (unitless),ECG sample 1138 at 9.104 seconds from window start
1146,ecg_1139,normalized amplitude (unitless),ECG sample 1139 at 9.112 seconds from window start
1147,ecg_1140,normalized amplitude (unitless),ECG sample 1140 at 9.120 seconds from window start
1148,ecg_1141,normalized amplitude (unitless),ECG sample 1141 at 9.128 seconds from window start
1149,ecg_1142,normalized amplitude (unitless),ECG sample 1142 at 9.136 seconds from window start
1150,ecg_1143,normalized amplitude (unitless),ECG sample 1143 at 9.144 seconds from window start
1151,ecg_1144,normalized amplitude (unitless),ECG sample 1144 at 9.152 seconds from window start
1152,ecg_1145,normalized amplitude (unitless),ECG sample 1145 at 9.160 seconds from window start
1153,ecg_1146,normalized amplitude (unitless),ECG sample 1146 at 9.168 seconds from window start
1154,ecg_1147,normalized amplitude (unitless),ECG sample 1147 at 9.176 seconds from window start
1155,ecg_1148,normalized amplitude (unitless),ECG sample 1148 at 9.184 seconds from window start
1156,ecg_1149,normalized amplitude (unitless),ECG sample 1149 at 9.192 seconds from window start
1157,ecg_1150,normalized amplitude (unitless),ECG sample 1150 at 9.200 seconds from window start
1158,ecg_1151,normalized amplitude (unitless),ECG sample 1151 at 9.208 seconds from window start
1159,ecg_1152,normalized amplitude (unitless),ECG sample 1152 at 9.216 seconds from window start
1160,ecg_1153,normalized amplitude (unitless),ECG sample 1153 at 9.224 seconds from window start
1161,ecg_1154,normalized amplitude (unitless),ECG sample 1154 at 9.232 seconds from window start
1162,ecg_1155,normalized amplitude (unitless),ECG sample 1155 at 9.240 seconds from window start
1163,ecg_1156,normalized amplitude (unitless),ECG sample 1156 at 9.248 seconds from window start
1164,ecg_1157,normalized amplitude (unitless),ECG sample 1157 at 9.256 seconds from window start
1165,ecg_1158,normalized amplitude (unitless),ECG sample 1158 at 9.264 seconds from window start
1166,ecg_1159,normalized amplitude (unitless),ECG sample 1159 at 9.272 seconds from window start
1167,ecg_1160,normalized amplitude (unitless),ECG sample 1160 at 9.280 seconds from window start
1168,ecg_1161,normalized amplitude (unitless),ECG sample 1161 at 9.288 seconds from window start
1169,ecg_1162,normalized amplitude (unitless),ECG sample 1162 at 9.296 seconds from window start
1170,ecg_1163,normalized amplitude (unitless),ECG sample 1163 at 9.304 seconds from window start
1171,ecg_1164,normalized amplitude (unitless),ECG sample 1164 at 9.312 seconds from window start
1172,ecg_1165,normalized amplitude (unitless),ECG sample 1165 at 9.320 seconds from window start
1173,ecg_1166,normalized amplitude (unitless),ECG sample 1166 at 9.328 seconds from window start
1174,ecg_1167,normalized amplitude (unitless),ECG sample 1167 at 9.336 seconds from window start
1175,ecg_1168,normalized amplitude (unitless),ECG sample 1168 at 9.344 seconds from window start
1176,ecg_1169,normalized amplitude (unitless),ECG sample 1169 at 9.352 seconds from window start
1177,ecg_1170,normalized amplitude (unitless),ECG sample 1170 at 9.360 seconds from window start
1178,ecg_1171,normalized amplitude (unitless),ECG sample 1171 at 9.368 seconds from window start
1179,ecg_1172,normalized amplitude (unitless),ECG sample 1172 at 9.376 seconds from window start
1180,ecg_1173,normalized amplitude (unitless),ECG sample 1173 at 9.384 seconds from window start
1181,ecg_1174,normalized amplitude (unitless),ECG sample 1174 at 9.392 seconds from window start
1182,ecg_1175,normalized amplitude (unitless),ECG sample 1175 at 9.400 seconds from window start
1183,ecg_1176,normalized amplitude (unitless),ECG sample 1176 at 9.408 seconds from window start
1184,ecg_1177,normalized amplitude (unitless),ECG sample 1177 at 9.416 seconds from window start
1185,ecg_1178,normalized amplitude (unitless),ECG sample 1178 at 9.424 seconds from window start
1186,ecg_1179,normalized amplitude (unitless),ECG sample 1179 at 9.432 seconds from window start
1187,ecg_1180,normalized amplitude (unitless),ECG sample 1180 at 9.440 seconds from window start
1188,ecg_1181,normalized amplitude (unitless),ECG sample 1181 at 9.448 seconds from window start
1189,ecg_1182,normalized amplitude (unitless),ECG sample 1182 at 9.456 seconds from window start
1190,ecg_1183,normalized amplitude (unitless),ECG sample 1183 at 9.464 seconds from window start
1191,ecg_1184,normalized amplitude (unitless),ECG sample 1184 at 9.472 seconds from window start
1192,ecg_1185,normalized amplitude (unitless),ECG sample 1185 at 9.480 seconds from window start
1193,ecg_1186,normalized amplitude (unitless),ECG sample 1186 at 9.488 seconds from window start
1194,ecg_1187,normalized amplitude (unitless),ECG sample 1187 at 9.496 seconds from window start
1195,ecg_1188,normalized amplitude (unitless),ECG sample 1188 at 9.504 seconds from window start
1196,ecg_1189,normalized amplitude (unitless),ECG sample 1189 at 9.512 seconds from window start
1197,ecg_1190,normalized amplitude (unitless),ECG sample 1190 at 9.520 seconds from window start
1198,ecg_1191,normalized amplitude (unitless),ECG sample 1191 at 9.528 seconds from window start
1199,ecg_1192,normalized amplitude (unitless),ECG sample 1192 at 9.536 seconds from window start
1200,ecg_1193,normalized amplitude (unitless),ECG sample 1193 at 9.544 seconds from window start
1201,ecg_1194,normalized amplitude (unitless),ECG sample 1194 at 9.552 seconds from window start
1202,ecg_1195,normalized amplitude (unitless),ECG sample 1195 at 9.560 seconds from window start
1203,ecg_1196,normalized amplitude (unitless),ECG sample 1196 at 9.568 seconds from window start
1204,ecg_1197,normalized amplitude (unitless),ECG sample 1197 at 9.576 seconds from window start
1205,ecg_1198,normalized amplitude (unitless),ECG sample 1198 at 9.584 seconds from window start
1206,ecg_1199,normalized amplitude (unitless),ECG sample 1199 at 9.592 seconds from window start
1207,ecg_1200,normalized amplitude (unitless),ECG sample 1200 at 9.600 seconds from window start
1208,ecg_1201,normalized amplitude (unitless),ECG sample 1201 at 9.608 seconds from window start
1209,ecg_1202,normalized amplitude (unitless),ECG sample 1202 at 9.616 seconds from window start
1210,ecg_1203,normalized amplitude (unitless),ECG sample 1203 at 9.624 seconds from window start
1211,ecg_1204,normalized amplitude (unitless),ECG sample 1204 at 9.632 seconds from window start
1212,ecg_1205,normalized amplitude (unitless),ECG sample 1205 at 9.640 seconds from window start
1213,ecg_1206,normalized amplitude (unitless),ECG sample 1206 at 9.648 seconds from window start
1214,ecg_1207,normalized amplitude (unitless),ECG sample 1207 at 9.656 seconds from window start
1215,ecg_1208,normalized amplitude (unitless),ECG sample 1208 at 9.664 seconds from window start
1216,ecg_1209,normalized amplitude (unitless),ECG sample 1209 at 9.672 seconds from window start
1217,ecg_1210,normalized amplitude (unitless),ECG sample 1210 at 9.680 seconds from window start
1218,ecg_1211,normalized amplitude (unitless),ECG sample 1211 at 9.688 seconds from window start
1219,ecg_1212,normalized amplitude (unitless),ECG sample 1212 at 9.696 seconds from window start
1220,ecg_1213,normalized amplitude (unitless),ECG sample 1213 at 9.704 seconds from window start
1221,ecg_1214,normalized amplitude (unitless),ECG sample 1214 at 9.712 seconds from window start
1222,ecg_1215,normalized amplitude (unitless),ECG sample 1215 at 9.720 seconds from window start
1223,ecg_1216,normalized amplitude (unitless),ECG sample 1216 at 9.728 seconds from window start
1224,ecg_1217,normalized amplitude (unitless),ECG sample 1217 at 9.736 seconds from window start
1225,ecg_1218,normalized amplitude (unitless),ECG sample 1218 at 9.744 seconds from window start
1226,ecg_1219,normalized amplitude (unitless),ECG sample 1219 at 9.752 seconds from window start
1227,ecg_1220,normalized amplitude (unitless),ECG sample 1220 at 9.760 seconds from window start
1228,ecg_1221,normalized amplitude (unitless),ECG sample 1221 at 9.768 seconds from window start
1229,ecg_1222,normalized amplitude (unitless),ECG sample 1222 at 9.776 seconds from window start
1230,ecg_1223,normalized amplitude (unitless),ECG sample 1223 at 9.784 seconds from window start
1231,ecg_1224,normalized amplitude (unitless),ECG sample 1224 at 9.792 seconds from window start
1232,ecg_1225,normalized amplitude (unitless),ECG sample 1225 at 9.800 seconds from window start
1233,ecg_1226,normalized amplitude (unitless),ECG sample 1226 at 9.808 seconds from window start
1234,ecg_1227,normalized amplitude (unitless),ECG sample 1227 at 9.816 seconds from window start
1235,ecg_1228,normalized amplitude (unitless),ECG sample 1228 at 9.824 seconds from window start
1236,ecg_1229,normalized amplitude (unitless),ECG sample 1229 at 9.832 seconds from window start
1237,ecg_1230,normalized amplitude (unitless),ECG sample 1230 at 9.840 seconds from window start
1238,ecg_1231,normalized amplitude (unitless),ECG sample 1231 at 9.848 seconds from window start
1239,ecg_1232,normalized amplitude (unitless),ECG sample 1232 at 9.856 seconds from window start
1240,ecg_1233,normalized amplitude (unitless),ECG sample 1233 at 9.864 seconds from window start
1241,ecg_1234,normalized amplitude (unitless),ECG sample 1234 at 9.872 seconds from window start
1242,ecg_1235,normalized amplitude (unitless),ECG sample 1235 at 9.880 seconds from window start
1243,ecg_1236,normalized amplitude (unitless),ECG sample 1236 at 9.888 seconds from window start
1244,ecg_1237,normalized amplitude (unitless),ECG sample 1237 at 9.896 seconds from window start
1245,ecg_1238,normalized amplitude (unitless),ECG sample 1238 at 9.904 seconds from window start
1246,ecg_1239,normalized amplitude (unitless),ECG sample 1239 at 9.912 seconds from window start
1247,ecg_1240,normalized amplitude (unitless),ECG sample 1240 at 9.920 seconds from window start
1248,ecg_1241,normalized amplitude (unitless),ECG sample 1241 at 9.928 seconds from window start
1249,ecg_1242,normalized amplitude (unitless),ECG sample 1242 at 9.936 seconds from window start
1250,ecg_1243,normalized amplitude (unitless),ECG sample 1243 at 9.944 seconds from window start
1251,ecg_1244,normalized amplitude (unitless),ECG sample 1244 at 9.952 seconds from window start
1252,ecg_1245,normalized amplitude (unitless),ECG sample 1245 at 9.960 seconds from window start
1253,ecg_1246,normalized amplitude (unitless),ECG sample 1246 at 9.968 seconds from window start
1254,ecg_1247,normalized amplitude (unitless),ECG sample 1247 at 9.976 seconds from window start
1255,ecg_1248,normalized amplitude (unitless),ECG sample 1248 at 9.984 seconds from window start
1256,ecg_1249,normalized amplitude (unitless),ECG sample 1249 at 9.992 seconds from window start
1257,ppg_0000,normalized amplitude (unitless),PPG sample 0 at 0.000 seconds from window start
1258,ppg_0001,normalized amplitude (unitless),PPG sample 1 at 0.008 seconds from window start
1259,ppg_0002,normalized amplitude (unitless),PPG sample 2 at 0.016 seconds from window start
1260,ppg_0003,normalized amplitude (unitless),PPG sample 3 at 0.024 seconds from window start
1261,ppg_0004,normalized amplitude (unitless),PPG sample 4 at 0.032 seconds from window start
1262,ppg_0005,normalized amplitude (unitless),PPG sample 5 at 0.040 seconds from window start
1263,ppg_0006,normalized amplitude (unitless),PPG sample 6 at 0.048 seconds from window start
1264,ppg_0007,normalized amplitude (unitless),PPG sample 7 at 0.056 seconds from window start
1265,ppg_0008,normalized amplitude (unitless),PPG sample 8 at 0.064 seconds from window start
1266,ppg_0009,normalized amplitude (unitless),PPG sample 9 at 0.072 seconds from window start
1267,ppg_0010,normalized amplitude (unitless),PPG sample 10 at 0.080 seconds from window start
1268,ppg_0011,normalized amplitude (unitless),PPG sample 11 at 0.088 seconds from window start
1269,ppg_0012,normalized amplitude (unitless),PPG sample 12 at 0.096 seconds from window start
1270,ppg_0013,normalized amplitude (unitless),PPG sample 13 at 0.104 seconds from window start
1271,ppg_0014,normalized amplitude (unitless),PPG sample 14 at 0.112 seconds from window start
1272,ppg_0015,normalized amplitude (unitless),PPG sample 15 at 0.120 seconds from window start
1273,ppg_0016,normalized amplitude (unitless),PPG sample 16 at 0.128 seconds from window start
1274,ppg_0017,normalized amplitude (unitless),PPG sample 17 at 0.136 seconds from window start
1275,ppg_0018,normalized amplitude (unitless),PPG sample 18 at 0.144 seconds from window start
1276,ppg_0019,normalized amplitude (unitless),PPG sample 19 at 0.152 seconds from window start
1277,ppg_0020,normalized amplitude (unitless),PPG sample 20 at 0.160 seconds from window start
1278,ppg_0021,normalized amplitude (unitless),PPG sample 21 at 0.168 seconds from window start
1279,ppg_0022,normalized amplitude (unitless),PPG sample 22 at 0.176 seconds from window start
1280,ppg_0023,normalized amplitude (unitless),PPG sample 23 at 0.184 seconds from window start
1281,ppg_0024,normalized amplitude (unitless),PPG sample 24 at 0.192 seconds from window start
1282,ppg_0025,normalized amplitude (unitless),PPG sample 25 at 0.200 seconds from window start
1283,ppg_0026,normalized amplitude (unitless),PPG sample 26 at 0.208 seconds from window start
1284,ppg_0027,normalized amplitude (unitless),PPG sample 27 at 0.216 seconds from window start
1285,ppg_0028,normalized amplitude (unitless),PPG sample 28 at 0.224 seconds from window start
1286,ppg_0029,normalized amplitude (unitless),PPG sample 29 at 0.232 seconds from window start
1287,ppg_0030,normalized amplitude (unitless),PPG sample 30 at 0.240 seconds from window start
1288,ppg_0031,normalized amplitude (unitless),PPG sample 31 at 0.248 seconds from window start
1289,ppg_0032,normalized amplitude (unitless),PPG sample 32 at 0.256 seconds from window start
1290,ppg_0033,normalized amplitude (unitless),PPG sample 33 at 0.264 seconds from window start
1291,ppg_0034,normalized amplitude (unitless),PPG sample 34 at 0.272 seconds from window start
1292,ppg_0035,normalized amplitude (unitless),PPG sample 35 at 0.280 seconds from window start
1293,ppg_0036,normalized amplitude (unitless),PPG sample 36 at 0.288 seconds from window start
1294,ppg_0037,normalized amplitude (unitless),PPG sample 37 at 0.296 seconds from window start
1295,ppg_0038,normalized amplitude (unitless),PPG sample 38 at 0.304 seconds from window start
1296,ppg_0039,normalized amplitude (unitless),PPG sample 39 at 0.312 seconds from window start
1297,ppg_0040,normalized amplitude (unitless),PPG sample 40 at 0.320 seconds from window start
1298,ppg_0041,normalized amplitude (unitless),PPG sample 41 at 0.328 seconds from window start
1299,ppg_0042,normalized amplitude (unitless),PPG sample 42 at 0.336 seconds from window start
1300,ppg_0043,normalized amplitude (unitless),PPG sample 43 at 0.344 seconds from window start
1301,ppg_0044,normalized amplitude (unitless),PPG sample 44 at 0.352 seconds from window start
1302,ppg_0045,normalized amplitude (unitless),PPG sample 45 at 0.360 seconds from window start
1303,ppg_0046,normalized amplitude (unitless),PPG sample 46 at 0.368 seconds from window start
1304,ppg_0047,normalized amplitude (unitless),PPG sample 47 at 0.376 seconds from window start
1305,ppg_0048,normalized amplitude (unitless),PPG sample 48 at 0.384 seconds from window start
1306,ppg_0049,normalized amplitude (unitless),PPG sample 49 at 0.392 seconds from window start
1307,ppg_0050,normalized amplitude (unitless),PPG sample 50 at 0.400 seconds from window start
1308,ppg_0051,normalized amplitude (unitless),PPG sample 51 at 0.408 seconds from window start
1309,ppg_0052,normalized amplitude (unitless),PPG sample 52 at 0.416 seconds from window start
1310,ppg_0053,normalized amplitude (unitless),PPG sample 53 at 0.424 seconds from window start
1311,ppg_0054,normalized amplitude (unitless),PPG sample 54 at 0.432 seconds from window start
1312,ppg_0055,normalized amplitude (unitless),PPG sample 55 at 0.440 seconds from window start
1313,ppg_0056,normalized amplitude (unitless),PPG sample 56 at 0.448 seconds from window start
1314,ppg_0057,normalized amplitude (unitless),PPG sample 57 at 0.456 seconds from window start
1315,ppg_0058,normalized amplitude (unitless),PPG sample 58 at 0.464 seconds from window start
1316,ppg_0059,normalized amplitude (unitless),PPG sample 59 at 0.472 seconds from window start
1317,ppg_0060,normalized amplitude (unitless),PPG sample 60 at 0.480 seconds from window start
1318,ppg_0061,normalized amplitude (unitless),PPG sample 61 at 0.488 seconds from window start
1319,ppg_0062,normalized amplitude (unitless),PPG sample 62 at 0.496 seconds from window start
1320,ppg_0063,normalized amplitude (unitless),PPG sample 63 at 0.504 seconds from window start
1321,ppg_0064,normalized amplitude (unitless),PPG sample 64 at 0.512 seconds from window start
1322,ppg_0065,normalized amplitude (unitless),PPG sample 65 at 0.520 seconds from window start
1323,ppg_0066,normalized amplitude (unitless),PPG sample 66 at 0.528 seconds from window start
1324,ppg_0067,normalized amplitude (unitless),PPG sample 67 at 0.536 seconds from window start
1325,ppg_0068,normalized amplitude (unitless),PPG sample 68 at 0.544 seconds from window start
1326,ppg_0069,normalized amplitude (unitless),PPG sample 69 at 0.552 seconds from window start
1327,ppg_0070,normalized amplitude (unitless),PPG sample 70 at 0.560 seconds from window start
1328,ppg_0071,normalized amplitude (unitless),PPG sample 71 at 0.568 seconds from window start
1329,ppg_0072,normalized amplitude (unitless),PPG sample 72 at 0.576 seconds from window start
1330,ppg_0073,normalized amplitude (unitless),PPG sample 73 at 0.584 seconds from window start
1331,ppg_0074,normalized amplitude (unitless),PPG sample 74 at 0.592 seconds from window start
1332,ppg_0075,normalized amplitude (unitless),PPG sample 75 at 0.600 seconds from window start
1333,ppg_0076,normalized amplitude (unitless),PPG sample 76 at 0.608 seconds from window start
1334,ppg_0077,normalized amplitude (unitless),PPG sample 77 at 0.616 seconds from window start
1335,ppg_0078,normalized amplitude (unitless),PPG sample 78 at 0.624 seconds from window start
1336,ppg_0079,normalized amplitude (unitless),PPG sample 79 at 0.632 seconds from window start
1337,ppg_0080,normalized amplitude (unitless),PPG sample 80 at 0.640 seconds from window start
1338,ppg_0081,normalized amplitude (unitless),PPG sample 81 at 0.648 seconds from window start
1339,ppg_0082,normalized amplitude (unitless),PPG sample 82 at 0.656 seconds from window start
1340,ppg_0083,normalized amplitude (unitless),PPG sample 83 at 0.664 seconds from window start
1341,ppg_0084,normalized amplitude (unitless),PPG sample 84 at 0.672 seconds from window start
1342,ppg_0085,normalized amplitude (unitless),PPG sample 85 at 0.680 seconds from window start
1343,ppg_0086,normalized amplitude (unitless),PPG sample 86 at 0.688 seconds from window start
1344,ppg_0087,normalized amplitude (unitless),PPG sample 87 at 0.696 seconds from window start
1345,ppg_0088,normalized amplitude (unitless),PPG sample 88 at 0.704 seconds from window start
1346,ppg_0089,normalized amplitude (unitless),PPG sample 89 at 0.712 seconds from window start
1347,ppg_0090,normalized amplitude (unitless),PPG sample 90 at 0.720 seconds from window start
1348,ppg_0091,normalized amplitude (unitless),PPG sample 91 at 0.728 seconds from window start
1349,ppg_0092,normalized amplitude (unitless),PPG sample 92 at 0.736 seconds from window start
1350,ppg_0093,normalized amplitude (unitless),PPG sample 93 at 0.744 seconds from window start
1351,ppg_0094,normalized amplitude (unitless),PPG sample 94 at 0.752 seconds from window start
1352,ppg_0095,normalized amplitude (unitless),PPG sample 95 at 0.760 seconds from window start
1353,ppg_0096,normalized amplitude (unitless),PPG sample 96 at 0.768 seconds from window start
1354,ppg_0097,normalized amplitude (unitless),PPG sample 97 at 0.776 seconds from window start
1355,ppg_0098,normalized amplitude (unitless),PPG sample 98 at 0.784 seconds from window start
1356,ppg_0099,normalized amplitude (unitless),PPG sample 99 at 0.792 seconds from window start
1357,ppg_0100,normalized amplitude (unitless),PPG sample 100 at 0.800 seconds from window start
1358,ppg_0101,normalized amplitude (unitless),PPG sample 101 at 0.808 seconds from window start
1359,ppg_0102,normalized amplitude (unitless),PPG sample 102 at 0.816 seconds from window start
1360,ppg_0103,normalized amplitude (unitless),PPG sample 103 at 0.824 seconds from window start
1361,ppg_0104,normalized amplitude (unitless),PPG sample 104 at 0.832 seconds from window start
1362,ppg_0105,normalized amplitude (unitless),PPG sample 105 at 0.840 seconds from window start
1363,ppg_0106,normalized amplitude (unitless),PPG sample 106 at 0.848 seconds from window start
1364,ppg_0107,normalized amplitude (unitless),PPG sample 107 at 0.856 seconds from window start
1365,ppg_0108,normalized amplitude (unitless),PPG sample 108 at 0.864 seconds from window start
1366,ppg_0109,normalized amplitude (unitless),PPG sample 109 at 0.872 seconds from window start
1367,ppg_0110,normalized amplitude (unitless),PPG sample 110 at 0.880 seconds from window start
1368,ppg_0111,normalized amplitude (unitless),PPG sample 111 at 0.888 seconds from window start
1369,ppg_0112,normalized amplitude (unitless),PPG sample 112 at 0.896 seconds from window start
1370,ppg_0113,normalized amplitude (unitless),PPG sample 113 at 0.904 seconds from window start
1371,ppg_0114,normalized amplitude (unitless),PPG sample 114 at 0.912 seconds from window start
1372,ppg_0115,normalized amplitude (unitless),PPG sample 115 at 0.920 seconds from window start
1373,ppg_0116,normalized amplitude (unitless),PPG sample 116 at 0.928 seconds from window start
1374,ppg_0117,normalized amplitude (unitless),PPG sample 117 at 0.936 seconds from window start
1375,ppg_0118,normalized amplitude (unitless),PPG sample 118 at 0.944 seconds from window start
1376,ppg_0119,normalized amplitude (unitless),PPG sample 119 at 0.952 seconds from window start
1377,ppg_0120,normalized amplitude (unitless),PPG sample 120 at 0.960 seconds from window start
1378,ppg_0121,normalized amplitude (unitless),PPG sample 121 at 0.968 seconds from window start
1379,ppg_0122,normalized amplitude (unitless),PPG sample 122 at 0.976 seconds from window start
1380,ppg_0123,normalized amplitude (unitless),PPG sample 123 at 0.984 seconds from window start
1381,ppg_0124,normalized amplitude (unitless),PPG sample 124 at 0.992 seconds from window start
1382,ppg_0125,normalized amplitude (unitless),PPG sample 125 at 1.000 seconds from window start
1383,ppg_0126,normalized amplitude (unitless),PPG sample 126 at 1.008 seconds from window start
1384,ppg_0127,normalized amplitude (unitless),PPG sample 127 at 1.016 seconds from window start
1385,ppg_0128,normalized amplitude (unitless),PPG sample 128 at 1.024 seconds from window start
1386,ppg_0129,normalized amplitude (unitless),PPG sample 129 at 1.032 seconds from window start
1387,ppg_0130,normalized amplitude (unitless),PPG sample 130 at 1.040 seconds from window start
1388,ppg_0131,normalized amplitude (unitless),PPG sample 131 at 1.048 seconds from window start
1389,ppg_0132,normalized amplitude (unitless),PPG sample 132 at 1.056 seconds from window start
1390,ppg_0133,normalized amplitude (unitless),PPG sample 133 at 1.064 seconds from window start
1391,ppg_0134,normalized amplitude (unitless),PPG sample 134 at 1.072 seconds from window start
1392,ppg_0135,normalized amplitude (unitless),PPG sample 135 at 1.080 seconds from window start
1393,ppg_0136,normalized amplitude (unitless),PPG sample 136 at 1.088 seconds from window start
1394,ppg_0137,normalized amplitude (unitless),PPG sample 137 at 1.096 seconds from window start
1395,ppg_0138,normalized amplitude (unitless),PPG sample 138 at 1.104 seconds from window start
1396,ppg_0139,normalized amplitude (unitless),PPG sample 139 at 1.112 seconds from window start
1397,ppg_0140,normalized amplitude (unitless),PPG sample 140 at 1.120 seconds from window start
1398,ppg_0141,normalized amplitude (unitless),PPG sample 141 at 1.128 seconds from window start
1399,ppg_0142,normalized amplitude (unitless),PPG sample 142 at 1.136 seconds from window start
1400,ppg_0143,normalized amplitude (unitless),PPG sample 143 at 1.144 seconds from window start
1401,ppg_0144,normalized amplitude (unitless),PPG sample 144 at 1.152 seconds from window start
1402,ppg_0145,normalized amplitude (unitless),PPG sample 145 at 1.160 seconds from window start
1403,ppg_0146,normalized amplitude (unitless),PPG sample 146 at 1.168 seconds from window start
1404,ppg_0147,normalized amplitude (unitless),PPG sample 147 at 1.176 seconds from window start
1405,ppg_0148,normalized amplitude (unitless),PPG sample 148 at 1.184 seconds from window start
1406,ppg_0149,normalized amplitude (unitless),PPG sample 149 at 1.192 seconds from window start
1407,ppg_0150,normalized amplitude (unitless),PPG sample 150 at 1.200 seconds from window start
1408,ppg_0151,normalized amplitude (unitless),PPG sample 151 at 1.208 seconds from window start
1409,ppg_0152,normalized amplitude (unitless),PPG sample 152 at 1.216 seconds from window start
1410,ppg_0153,normalized amplitude (unitless),PPG sample 153 at 1.224 seconds from window start
1411,ppg_0154,normalized amplitude (unitless),PPG sample 154 at 1.232 seconds from window start
1412,ppg_0155,normalized amplitude (unitless),PPG sample 155 at 1.240 seconds from window start
1413,ppg_0156,normalized amplitude (unitless),PPG sample 156 at 1.248 seconds from window start
1414,ppg_0157,normalized amplitude (unitless),PPG sample 157 at 1.256 seconds from window start
1415,ppg_0158,normalized amplitude (unitless),PPG sample 158 at 1.264 seconds from window start
1416,ppg_0159,normalized amplitude (unitless),PPG sample 159 at 1.272 seconds from window start
1417,ppg_0160,normalized amplitude (unitless),PPG sample 160 at 1.280 seconds from window start
1418,ppg_0161,normalized amplitude (unitless),PPG sample 161 at 1.288 seconds from window start
1419,ppg_0162,normalized amplitude (unitless),PPG sample 162 at 1.296 seconds from window start
1420,ppg_0163,normalized amplitude (unitless),PPG sample 163 at 1.304 seconds from window start
1421,ppg_0164,normalized amplitude (unitless),PPG sample 164 at 1.312 seconds from window start
1422,ppg_0165,normalized amplitude (unitless),PPG sample 165 at 1.320 seconds from window start
1423,ppg_0166,normalized amplitude (unitless),PPG sample 166 at 1.328 seconds from window start
1424,ppg_0167,normalized amplitude (unitless),PPG sample 167 at 1.336 seconds from window start
1425,ppg_0168,normalized amplitude (unitless),PPG sample 168 at 1.344 seconds from window start
1426,ppg_0169,normalized amplitude (unitless),PPG sample 169 at 1.352 seconds from window start
1427,ppg_0170,normalized amplitude (unitless),PPG sample 170 at 1.360 seconds from window start
1428,ppg_0171,normalized amplitude (unitless),PPG sample 171 at 1.368 seconds from window start
1429,ppg_0172,normalized amplitude (unitless),PPG sample 172 at 1.376 seconds from window start
1430,ppg_0173,normalized amplitude (unitless),PPG sample 173 at 1.384 seconds from window start
1431,ppg_0174,normalized amplitude (unitless),PPG sample 174 at 1.392 seconds from window start
1432,ppg_0175,normalized amplitude (unitless),PPG sample 175 at 1.400 seconds from window start
1433,ppg_0176,normalized amplitude (unitless),PPG sample 176 at 1.408 seconds from window start
1434,ppg_0177,normalized amplitude (unitless),PPG sample 177 at 1.416 seconds from window start
1435,ppg_0178,normalized amplitude (unitless),PPG sample 178 at 1.424 seconds from window start
1436,ppg_0179,normalized amplitude (unitless),PPG sample 179 at 1.432 seconds from window start
1437,ppg_0180,normalized amplitude (unitless),PPG sample 180 at 1.440 seconds from window start
1438,ppg_0181,normalized amplitude (unitless),PPG sample 181 at 1.448 seconds from window start
1439,ppg_0182,normalized amplitude (unitless),PPG sample 182 at 1.456 seconds from window start
1440,ppg_0183,normalized amplitude (unitless),PPG sample 183 at 1.464 seconds from window start
1441,ppg_0184,normalized amplitude (unitless),PPG sample 184 at 1.472 seconds from window start
1442,ppg_0185,normalized amplitude (unitless),PPG sample 185 at 1.480 seconds from window start
1443,ppg_0186,normalized amplitude (unitless),PPG sample 186 at 1.488 seconds from window start
1444,ppg_0187,normalized amplitude (unitless),PPG sample 187 at 1.496 seconds from window start
1445,ppg_0188,normalized amplitude (unitless),PPG sample 188 at 1.504 seconds from window start
1446,ppg_0189,normalized amplitude (unitless),PPG sample 189 at 1.512 seconds from window start
1447,ppg_0190,normalized amplitude (unitless),PPG sample 190 at 1.520 seconds from window start
1448,ppg_0191,normalized amplitude (unitless),PPG sample 191 at 1.528 seconds from window start
1449,ppg_0192,normalized amplitude (unitless),PPG sample 192 at 1.536 seconds from window start
1450,ppg_0193,normalized amplitude (unitless),PPG sample 193 at 1.544 seconds from window start
1451,ppg_0194,normalized amplitude (unitless),PPG sample 194 at 1.552 seconds from window start
1452,ppg_0195,normalized amplitude (unitless),PPG sample 195 at 1.560 seconds from window start
1453,ppg_0196,normalized amplitude (unitless),PPG sample 196 at 1.568 seconds from window start
1454,ppg_0197,normalized amplitude (unitless),PPG sample 197 at 1.576 seconds from window start
1455,ppg_0198,normalized amplitude (unitless),PPG sample 198 at 1.584 seconds from window start
1456,ppg_0199,normalized amplitude (unitless),PPG sample 199 at 1.592 seconds from window start
1457,ppg_0200,normalized amplitude (unitless),PPG sample 200 at 1.600 seconds from window start
1458,ppg_0201,normalized amplitude (unitless),PPG sample 201 at 1.608 seconds from window start
1459,ppg_0202,normalized amplitude (unitless),PPG sample 202 at 1.616 seconds from window start
1460,ppg_0203,normalized amplitude (unitless),PPG sample 203 at 1.624 seconds from window start
1461,ppg_0204,normalized amplitude (unitless),PPG sample 204 at 1.632 seconds from window start
1462,ppg_0205,normalized amplitude (unitless),PPG sample 205 at 1.640 seconds from window start
1463,ppg_0206,normalized amplitude (unitless),PPG sample 206 at 1.648 seconds from window start
1464,ppg_0207,normalized amplitude (unitless),PPG sample 207 at 1.656 seconds from window start
1465,ppg_0208,normalized amplitude (unitless),PPG sample 208 at 1.664 seconds from window start
1466,ppg_0209,normalized amplitude (unitless),PPG sample 209 at 1.672 seconds from window start
1467,ppg_0210,normalized amplitude (unitless),PPG sample 210 at 1.680 seconds from window start
1468,ppg_0211,normalized amplitude (unitless),PPG sample 211 at 1.688 seconds from window start
1469,ppg_0212,normalized amplitude (unitless),PPG sample 212 at 1.696 seconds from window start
1470,ppg_0213,normalized amplitude (unitless),PPG sample 213 at 1.704 seconds from window start
1471,ppg_0214,normalized amplitude (unitless),PPG sample 214 at 1.712 seconds from window start
1472,ppg_0215,normalized amplitude (unitless),PPG sample 215 at 1.720 seconds from window start
1473,ppg_0216,normalized amplitude (unitless),PPG sample 216 at 1.728 seconds from window start
1474,ppg_0217,normalized amplitude (unitless),PPG sample 217 at 1.736 seconds from window start
1475,ppg_0218,normalized amplitude (unitless),PPG sample 218 at 1.744 seconds from window start
1476,ppg_0219,normalized amplitude (unitless),PPG sample 219 at 1.752 seconds from window start
1477,ppg_0220,normalized amplitude (unitless),PPG sample 220 at 1.760 seconds from window start
1478,ppg_0221,normalized amplitude (unitless),PPG sample 221 at 1.768 seconds from window start
1479,ppg_0222,normalized amplitude (unitless),PPG sample 222 at 1.776 seconds from window start
1480,ppg_0223,normalized amplitude (unitless),PPG sample 223 at 1.784 seconds from window start
1481,ppg_0224,normalized amplitude (unitless),PPG sample 224 at 1.792 seconds from window start
1482,ppg_0225,normalized amplitude (unitless),PPG sample 225 at 1.800 seconds from window start
1483,ppg_0226,normalized amplitude (unitless),PPG sample 226 at 1.808 seconds from window start
1484,ppg_0227,normalized amplitude (unitless),PPG sample 227 at 1.816 seconds from window start
1485,ppg_0228,normalized amplitude (unitless),PPG sample 228 at 1.824 seconds from window start
1486,ppg_0229,normalized amplitude (unitless),PPG sample 229 at 1.832 seconds from window start
1487,ppg_0230,normalized amplitude (unitless),PPG sample 230 at 1.840 seconds from window start
1488,ppg_0231,normalized amplitude (unitless),PPG sample 231 at 1.848 seconds from window start
1489,ppg_0232,normalized amplitude (unitless),PPG sample 232 at 1.856 seconds from window start
1490,ppg_0233,normalized amplitude (unitless),PPG sample 233 at 1.864 seconds from window start
1491,ppg_0234,normalized amplitude (unitless),PPG sample 234 at 1.872 seconds from window start
1492,ppg_0235,normalized amplitude (unitless),PPG sample 235 at 1.880 seconds from window start
1493,ppg_0236,normalized amplitude (unitless),PPG sample 236 at 1.888 seconds from window start
1494,ppg_0237,normalized amplitude (unitless),PPG sample 237 at 1.896 seconds from window start
1495,ppg_0238,normalized amplitude (unitless),PPG sample 238 at 1.904 seconds from window start
1496,ppg_0239,normalized amplitude (unitless),PPG sample 239 at 1.912 seconds from window start
1497,ppg_0240,normalized amplitude (unitless),PPG sample 240 at 1.920 seconds from window start
1498,ppg_0241,normalized amplitude (unitless),PPG sample 241 at 1.928 seconds from window start
1499,ppg_0242,normalized amplitude (unitless),PPG sample 242 at 1.936 seconds from window start
1500,ppg_0243,normalized amplitude (unitless),PPG sample 243 at 1.944 seconds from window start
1501,ppg_0244,normalized amplitude (unitless),PPG sample 244 at 1.952 seconds from window start
1502,ppg_0245,normalized amplitude (unitless),PPG sample 245 at 1.960 seconds from window start
1503,ppg_0246,normalized amplitude (unitless),PPG sample 246 at 1.968 seconds from window start
1504,ppg_0247,normalized amplitude (unitless),PPG sample 247 at 1.976 seconds from window start
1505,ppg_0248,normalized amplitude (unitless),PPG sample 248 at 1.984 seconds from window start
1506,ppg_0249,normalized amplitude (unitless),PPG sample 249 at 1.992 seconds from window start
1507,ppg_0250,normalized amplitude (unitless),PPG sample 250 at 2.000 seconds from window start
1508,ppg_0251,normalized amplitude (unitless),PPG sample 251 at 2.008 seconds from window start
1509,ppg_0252,normalized amplitude (unitless),PPG sample 252 at 2.016 seconds from window start
1510,ppg_0253,normalized amplitude (unitless),PPG sample 253 at 2.024 seconds from window start
1511,ppg_0254,normalized amplitude (unitless),PPG sample 254 at 2.032 seconds from window start
1512,ppg_0255,normalized amplitude (unitless),PPG sample 255 at 2.040 seconds from window start
1513,ppg_0256,normalized amplitude (unitless),PPG sample 256 at 2.048 seconds from window start
1514,ppg_0257,normalized amplitude (unitless),PPG sample 257 at 2.056 seconds from window start
1515,ppg_0258,normalized amplitude (unitless),PPG sample 258 at 2.064 seconds from window start
1516,ppg_0259,normalized amplitude (unitless),PPG sample 259 at 2.072 seconds from window start
1517,ppg_0260,normalized amplitude (unitless),PPG sample 260 at 2.080 seconds from window start
1518,ppg_0261,normalized amplitude (unitless),PPG sample 261 at 2.088 seconds from window start
1519,ppg_0262,normalized amplitude (unitless),PPG sample 262 at 2.096 seconds from window start
1520,ppg_0263,normalized amplitude (unitless),PPG sample 263 at 2.104 seconds from window start
1521,ppg_0264,normalized amplitude (unitless),PPG sample 264 at 2.112 seconds from window start
1522,ppg_0265,normalized amplitude (unitless),PPG sample 265 at 2.120 seconds from window start
1523,ppg_0266,normalized amplitude (unitless),PPG sample 266 at 2.128 seconds from window start
1524,ppg_0267,normalized amplitude (unitless),PPG sample 267 at 2.136 seconds from window start
1525,ppg_0268,normalized amplitude (unitless),PPG sample 268 at 2.144 seconds from window start
1526,ppg_0269,normalized amplitude (unitless),PPG sample 269 at 2.152 seconds from window start
1527,ppg_0270,normalized amplitude (unitless),PPG sample 270 at 2.160 seconds from window start
1528,ppg_0271,normalized amplitude (unitless),PPG sample 271 at 2.168 seconds from window start
1529,ppg_0272,normalized amplitude (unitless),PPG sample 272 at 2.176 seconds from window start
1530,ppg_0273,normalized amplitude (unitless),PPG sample 273 at 2.184 seconds from window start
1531,ppg_0274,normalized amplitude (unitless),PPG sample 274 at 2.192 seconds from window start
1532,ppg_0275,normalized amplitude (unitless),PPG sample 275 at 2.200 seconds from window start
1533,ppg_0276,normalized amplitude (unitless),PPG sample 276 at 2.208 seconds from window start
1534,ppg_0277,normalized amplitude (unitless),PPG sample 277 at 2.216 seconds from window start
1535,ppg_0278,normalized amplitude (unitless),PPG sample 278 at 2.224 seconds from window start
1536,ppg_0279,normalized amplitude (unitless),PPG sample 279 at 2.232 seconds from window start
1537,ppg_0280,normalized amplitude (unitless),PPG sample 280 at 2.240 seconds from window start
1538,ppg_0281,normalized amplitude (unitless),PPG sample 281 at 2.248 seconds from window start
1539,ppg_0282,normalized amplitude (unitless),PPG sample 282 at 2.256 seconds from window start
1540,ppg_0283,normalized amplitude (unitless),PPG sample 283 at 2.264 seconds from window start
1541,ppg_0284,normalized amplitude (unitless),PPG sample 284 at 2.272 seconds from window start
1542,ppg_0285,normalized amplitude (unitless),PPG sample 285 at 2.280 seconds from window start
1543,ppg_0286,normalized amplitude (unitless),PPG sample 286 at 2.288 seconds from window start
1544,ppg_0287,normalized amplitude (unitless),PPG sample 287 at 2.296 seconds from window start
1545,ppg_0288,normalized amplitude (unitless),PPG sample 288 at 2.304 seconds from window start
1546,ppg_0289,normalized amplitude (unitless),PPG sample 289 at 2.312 seconds from window start
1547,ppg_0290,normalized amplitude (unitless),PPG sample 290 at 2.320 seconds from window start
1548,ppg_0291,normalized amplitude (unitless),PPG sample 291 at 2.328 seconds from window start
1549,ppg_0292,normalized amplitude (unitless),PPG sample 292 at 2.336 seconds from window start
1550,ppg_0293,normalized amplitude (unitless),PPG sample 293 at 2.344 seconds from window start
1551,ppg_0294,normalized amplitude (unitless),PPG sample 294 at 2.352 seconds from window start
1552,ppg_0295,normalized amplitude (unitless),PPG sample 295 at 2.360 seconds from window start
1553,ppg_0296,normalized amplitude (unitless),PPG sample 296 at 2.368 seconds from window start
1554,ppg_0297,normalized amplitude (unitless),PPG sample 297 at 2.376 seconds from window start
1555,ppg_0298,normalized amplitude (unitless),PPG sample 298 at 2.384 seconds from window start
1556,ppg_0299,normalized amplitude (unitless),PPG sample 299 at 2.392 seconds from window start
1557,ppg_0300,normalized amplitude (unitless),PPG sample 300 at 2.400 seconds from window start
1558,ppg_0301,normalized amplitude (unitless),PPG sample 301 at 2.408 seconds from window start
1559,ppg_0302,normalized amplitude (unitless),PPG sample 302 at 2.416 seconds from window start
1560,ppg_0303,normalized amplitude (unitless),PPG sample 303 at 2.424 seconds from window start
1561,ppg_0304,normalized amplitude (unitless),PPG sample 304 at 2.432 seconds from window start
1562,ppg_0305,normalized amplitude (unitless),PPG sample 305 at 2.440 seconds from window start
1563,ppg_0306,normalized amplitude (unitless),PPG sample 306 at 2.448 seconds from window start
1564,ppg_0307,normalized amplitude (unitless),PPG sample 307 at 2.456 seconds from window start
1565,ppg_0308,normalized amplitude (unitless),PPG sample 308 at 2.464 seconds from window start
1566,ppg_0309,normalized amplitude (unitless),PPG sample 309 at 2.472 seconds from window start
1567,ppg_0310,normalized amplitude (unitless),PPG sample 310 at 2.480 seconds from window start
1568,ppg_0311,normalized amplitude (unitless),PPG sample 311 at 2.488 seconds from window start
1569,ppg_0312,normalized amplitude (unitless),PPG sample 312 at 2.496 seconds from window start
1570,ppg_0313,normalized amplitude (unitless),PPG sample 313 at 2.504 seconds from window start
1571,ppg_0314,normalized amplitude (unitless),PPG sample 314 at 2.512 seconds from window start
1572,ppg_0315,normalized amplitude (unitless),PPG sample 315 at 2.520 seconds from window start
1573,ppg_0316,normalized amplitude (unitless),PPG sample 316 at 2.528 seconds from window start
1574,ppg_0317,normalized amplitude (unitless),PPG sample 317 at 2.536 seconds from window start
1575,ppg_0318,normalized amplitude (unitless),PPG sample 318 at 2.544 seconds from window start
1576,ppg_0319,normalized amplitude (unitless),PPG sample 319 at 2.552 seconds from window start
1577,ppg_0320,normalized amplitude (unitless),PPG sample 320 at 2.560 seconds from window start
1578,ppg_0321,normalized amplitude (unitless),PPG sample 321 at 2.568 seconds from window start
1579,ppg_0322,normalized amplitude (unitless),PPG sample 322 at 2.576 seconds from window start
1580,ppg_0323,normalized amplitude (unitless),PPG sample 323 at 2.584 seconds from window start
1581,ppg_0324,normalized amplitude (unitless),PPG sample 324 at 2.592 seconds from window start
1582,ppg_0325,normalized amplitude (unitless),PPG sample 325 at 2.600 seconds from window start
1583,ppg_0326,normalized amplitude (unitless),PPG sample 326 at 2.608 seconds from window start
1584,ppg_0327,normalized amplitude (unitless),PPG sample 327 at 2.616 seconds from window start
1585,ppg_0328,normalized amplitude (unitless),PPG sample 328 at 2.624 seconds from window start
1586,ppg_0329,normalized amplitude (unitless),PPG sample 329 at 2.632 seconds from window start
1587,ppg_0330,normalized amplitude (unitless),PPG sample 330 at 2.640 seconds from window start
1588,ppg_0331,normalized amplitude (unitless),PPG sample 331 at 2.648 seconds from window start
1589,ppg_0332,normalized amplitude (unitless),PPG sample 332 at 2.656 seconds from window start
1590,ppg_0333,normalized amplitude (unitless),PPG sample 333 at 2.664 seconds from window start
1591,ppg_0334,normalized amplitude (unitless),PPG sample 334 at 2.672 seconds from window start
1592,ppg_0335,normalized amplitude (unitless),PPG sample 335 at 2.680 seconds from window start
1593,ppg_0336,normalized amplitude (unitless),PPG sample 336 at 2.688 seconds from window start
1594,ppg_0337,normalized amplitude (unitless),PPG sample 337 at 2.696 seconds from window start
1595,ppg_0338,normalized amplitude (unitless),PPG sample 338 at 2.704 seconds from window start
1596,ppg_0339,normalized amplitude (unitless),PPG sample 339 at 2.712 seconds from window start
1597,ppg_0340,normalized amplitude (unitless),PPG sample 340 at 2.720 seconds from window start
1598,ppg_0341,normalized amplitude (unitless),PPG sample 341 at 2.728 seconds from window start
1599,ppg_0342,normalized amplitude (unitless),PPG sample 342 at 2.736 seconds from window start
1600,ppg_0343,normalized amplitude (unitless),PPG sample 343 at 2.744 seconds from window start
1601,ppg_0344,normalized amplitude (unitless),PPG sample 344 at 2.752 seconds from window start
1602,ppg_0345,normalized amplitude (unitless),PPG sample 345 at 2.760 seconds from window start
1603,ppg_0346,normalized amplitude (unitless),PPG sample 346 at 2.768 seconds from window start
1604,ppg_0347,normalized amplitude (unitless),PPG sample 347 at 2.776 seconds from window start
1605,ppg_0348,normalized amplitude (unitless),PPG sample 348 at 2.784 seconds from window start
1606,ppg_0349,normalized amplitude (unitless),PPG sample 349 at 2.792 seconds from window start
1607,ppg_0350,normalized amplitude (unitless),PPG sample 350 at 2.800 seconds from window start
1608,ppg_0351,normalized amplitude (unitless),PPG sample 351 at 2.808 seconds from window start
1609,ppg_0352,normalized amplitude (unitless),PPG sample 352 at 2.816 seconds from window start
1610,ppg_0353,normalized amplitude (unitless),PPG sample 353 at 2.824 seconds from window start
1611,ppg_0354,normalized amplitude (unitless),PPG sample 354 at 2.832 seconds from window start
1612,ppg_0355,normalized amplitude (unitless),PPG sample 355 at 2.840 seconds from window start
1613,ppg_0356,normalized amplitude (unitless),PPG sample 356 at 2.848 seconds from window start
1614,ppg_0357,normalized amplitude (unitless),PPG sample 357 at 2.856 seconds from window start
1615,ppg_0358,normalized amplitude (unitless),PPG sample 358 at 2.864 seconds from window start
1616,ppg_0359,normalized amplitude (unitless),PPG sample 359 at 2.872 seconds from window start
1617,ppg_0360,normalized amplitude (unitless),PPG sample 360 at 2.880 seconds from window start
1618,ppg_0361,normalized amplitude (unitless),PPG sample 361 at 2.888 seconds from window start
1619,ppg_0362,normalized amplitude (unitless),PPG sample 362 at 2.896 seconds from window start
1620,ppg_0363,normalized amplitude (unitless),PPG sample 363 at 2.904 seconds from window start
1621,ppg_0364,normalized amplitude (unitless),PPG sample 364 at 2.912 seconds from window start
1622,ppg_0365,normalized amplitude (unitless),PPG sample 365 at 2.920 seconds from window start
1623,ppg_0366,normalized amplitude (unitless),PPG sample 366 at 2.928 seconds from window start
1624,ppg_0367,normalized amplitude (unitless),PPG sample 367 at 2.936 seconds from window start
1625,ppg_0368,normalized amplitude (unitless),PPG sample 368 at 2.944 seconds from window start
1626,ppg_0369,normalized amplitude (unitless),PPG sample 369 at 2.952 seconds from window start
1627,ppg_0370,normalized amplitude (unitless),PPG sample 370 at 2.960 seconds from window start
1628,ppg_0371,normalized amplitude (unitless),PPG sample 371 at 2.968 seconds from window start
1629,ppg_0372,normalized amplitude (unitless),PPG sample 372 at 2.976 seconds from window start
1630,ppg_0373,normalized amplitude (unitless),PPG sample 373 at 2.984 seconds from window start
1631,ppg_0374,normalized amplitude (unitless),PPG sample 374 at 2.992 seconds from window start
1632,ppg_0375,normalized amplitude (unitless),PPG sample 375 at 3.000 seconds from window start
1633,ppg_0376,normalized amplitude (unitless),PPG sample 376 at 3.008 seconds from window start
1634,ppg_0377,normalized amplitude (unitless),PPG sample 377 at 3.016 seconds from window start
1635,ppg_0378,normalized amplitude (unitless),PPG sample 378 at 3.024 seconds from window start
1636,ppg_0379,normalized amplitude (unitless),PPG sample 379 at 3.032 seconds from window start
1637,ppg_0380,normalized amplitude (unitless),PPG sample 380 at 3.040 seconds from window start
1638,ppg_0381,normalized amplitude (unitless),PPG sample 381 at 3.048 seconds from window start
1639,ppg_0382,normalized amplitude (unitless),PPG sample 382 at 3.056 seconds from window start
1640,ppg_0383,normalized amplitude (unitless),PPG sample 383 at 3.064 seconds from window start
1641,ppg_0384,normalized amplitude (unitless),PPG sample 384 at 3.072 seconds from window start
1642,ppg_0385,normalized amplitude (unitless),PPG sample 385 at 3.080 seconds from window start
1643,ppg_0386,normalized amplitude (unitless),PPG sample 386 at 3.088 seconds from window start
1644,ppg_0387,normalized amplitude (unitless),PPG sample 387 at 3.096 seconds from window start
1645,ppg_0388,normalized amplitude (unitless),PPG sample 388 at 3.104 seconds from window start
1646,ppg_0389,normalized amplitude (unitless),PPG sample 389 at 3.112 seconds from window start
1647,ppg_0390,normalized amplitude (unitless),PPG sample 390 at 3.120 seconds from window start
1648,ppg_0391,normalized amplitude (unitless),PPG sample 391 at 3.128 seconds from window start
1649,ppg_0392,normalized amplitude (unitless),PPG sample 392 at 3.136 seconds from window start
1650,ppg_0393,normalized amplitude (unitless),PPG sample 393 at 3.144 seconds from window start
1651,ppg_0394,normalized amplitude (unitless),PPG sample 394 at 3.152 seconds from window start
1652,ppg_0395,normalized amplitude (unitless),PPG sample 395 at 3.160 seconds from window start
1653,ppg_0396,normalized amplitude (unitless),PPG sample 396 at 3.168 seconds from window start
1654,ppg_0397,normalized amplitude (unitless),PPG sample 397 at 3.176 seconds from window start
1655,ppg_0398,normalized amplitude (unitless),PPG sample 398 at 3.184 seconds from window start
1656,ppg_0399,normalized amplitude (unitless),PPG sample 399 at 3.192 seconds from window start
1657,ppg_0400,normalized amplitude (unitless),PPG sample 400 at 3.200 seconds from window start
1658,ppg_0401,normalized amplitude (unitless),PPG sample 401 at 3.208 seconds from window start
1659,ppg_0402,normalized amplitude (unitless),PPG sample 402 at 3.216 seconds from window start
1660,ppg_0403,normalized amplitude (unitless),PPG sample 403 at 3.224 seconds from window start
1661,ppg_0404,normalized amplitude (unitless),PPG sample 404 at 3.232 seconds from window start
1662,ppg_0405,normalized amplitude (unitless),PPG sample 405 at 3.240 seconds from window start
1663,ppg_0406,normalized amplitude (unitless),PPG sample 406 at 3.248 seconds from window start
1664,ppg_0407,normalized amplitude (unitless),PPG sample 407 at 3.256 seconds from window start
1665,ppg_0408,normalized amplitude (unitless),PPG sample 408 at 3.264 seconds from window start
1666,ppg_0409,normalized amplitude (unitless),PPG sample 409 at 3.272 seconds from window start
1667,ppg_0410,normalized amplitude (unitless),PPG sample 410 at 3.280 seconds from window start
1668,ppg_0411,normalized amplitude (unitless),PPG sample 411 at 3.288 seconds from window start
1669,ppg_0412,normalized amplitude (unitless),PPG sample 412 at 3.296 seconds from window start
1670,ppg_0413,normalized amplitude (unitless),PPG sample 413 at 3.304 seconds from window start
1671,ppg_0414,normalized amplitude (unitless),PPG sample 414 at 3.312 seconds from window start
1672,ppg_0415,normalized amplitude (unitless),PPG sample 415 at 3.320 seconds from window start
1673,ppg_0416,normalized amplitude (unitless),PPG sample 416 at 3.328 seconds from window start
1674,ppg_0417,normalized amplitude (unitless),PPG sample 417 at 3.336 seconds from window start
1675,ppg_0418,normalized amplitude (unitless),PPG sample 418 at 3.344 seconds from window start
1676,ppg_0419,normalized amplitude (unitless),PPG sample 419 at 3.352 seconds from window start
1677,ppg_0420,normalized amplitude (unitless),PPG sample 420 at 3.360 seconds from window start
1678,ppg_0421,normalized amplitude (unitless),PPG sample 421 at 3.368 seconds from window start
1679,ppg_0422,normalized amplitude (unitless),PPG sample 422 at 3.376 seconds from window start
1680,ppg_0423,normalized amplitude (unitless),PPG sample 423 at 3.384 seconds from window start
1681,ppg_0424,normalized amplitude (unitless),PPG sample 424 at 3.392 seconds from window start
1682,ppg_0425,normalized amplitude (unitless),PPG sample 425 at 3.400 seconds from window start
1683,ppg_0426,normalized amplitude (unitless),PPG sample 426 at 3.408 seconds from window start
1684,ppg_0427,normalized amplitude (unitless),PPG sample 427 at 3.416 seconds from window start
1685,ppg_0428,normalized amplitude (unitless),PPG sample 428 at 3.424 seconds from window start
1686,ppg_0429,normalized amplitude (unitless),PPG sample 429 at 3.432 seconds from window start
1687,ppg_0430,normalized amplitude (unitless),PPG sample 430 at 3.440 seconds from window start
1688,ppg_0431,normalized amplitude (unitless),PPG sample 431 at 3.448 seconds from window start
1689,ppg_0432,normalized amplitude (unitless),PPG sample 432 at 3.456 seconds from window start
1690,ppg_0433,normalized amplitude (unitless),PPG sample 433 at 3.464 seconds from window start
1691,ppg_0434,normalized amplitude (unitless),PPG sample 434 at 3.472 seconds from window start
1692,ppg_0435,normalized amplitude (unitless),PPG sample 435 at 3.480 seconds from window start
1693,ppg_0436,normalized amplitude (unitless),PPG sample 436 at 3.488 seconds from window start
1694,ppg_0437,normalized amplitude (unitless),PPG sample 437 at 3.496 seconds from window start
1695,ppg_0438,normalized amplitude (unitless),PPG sample 438 at 3.504 seconds from window start
1696,ppg_0439,normalized amplitude (unitless),PPG sample 439 at 3.512 seconds from window start
1697,ppg_0440,normalized amplitude (unitless),PPG sample 440 at 3.520 seconds from window start
1698,ppg_0441,normalized amplitude (unitless),PPG sample 441 at 3.528 seconds from window start
1699,ppg_0442,normalized amplitude (unitless),PPG sample 442 at 3.536 seconds from window start
1700,ppg_0443,normalized amplitude (unitless),PPG sample 443 at 3.544 seconds from window start
1701,ppg_0444,normalized amplitude (unitless),PPG sample 444 at 3.552 seconds from window start
1702,ppg_0445,normalized amplitude (unitless),PPG sample 445 at 3.560 seconds from window start
1703,ppg_0446,normalized amplitude (unitless),PPG sample 446 at 3.568 seconds from window start
1704,ppg_0447,normalized amplitude (unitless),PPG sample 447 at 3.576 seconds from window start
1705,ppg_0448,normalized amplitude (unitless),PPG sample 448 at 3.584 seconds from window start
1706,ppg_0449,normalized amplitude (unitless),PPG sample 449 at 3.592 seconds from window start
1707,ppg_0450,normalized amplitude (unitless),PPG sample 450 at 3.600 seconds from window start
1708,ppg_0451,normalized amplitude (unitless),PPG sample 451 at 3.608 seconds from window start
1709,ppg_0452,normalized amplitude (unitless),PPG sample 452 at 3.616 seconds from window start
1710,ppg_0453,normalized amplitude (unitless),PPG sample 453 at 3.624 seconds from window start
1711,ppg_0454,normalized amplitude (unitless),PPG sample 454 at 3.632 seconds from window start
1712,ppg_0455,normalized amplitude (unitless),PPG sample 455 at 3.640 seconds from window start
1713,ppg_0456,normalized amplitude (unitless),PPG sample 456 at 3.648 seconds from window start
1714,ppg_0457,normalized amplitude (unitless),PPG sample 457 at 3.656 seconds from window start
1715,ppg_0458,normalized amplitude (unitless),PPG sample 458 at 3.664 seconds from window start
1716,ppg_0459,normalized amplitude (unitless),PPG sample 459 at 3.672 seconds from window start
1717,ppg_0460,normalized amplitude (unitless),PPG sample 460 at 3.680 seconds from window start
1718,ppg_0461,normalized amplitude (unitless),PPG sample 461 at 3.688 seconds from window start
1719,ppg_0462,normalized amplitude (unitless),PPG sample 462 at 3.696 seconds from window start
1720,ppg_0463,normalized amplitude (unitless),PPG sample 463 at 3.704 seconds from window start
1721,ppg_0464,normalized amplitude (unitless),PPG sample 464 at 3.712 seconds from window start
1722,ppg_0465,normalized amplitude (unitless),PPG sample 465 at 3.720 seconds from window start
1723,ppg_0466,normalized amplitude (unitless),PPG sample 466 at 3.728 seconds from window start
1724,ppg_0467,normalized amplitude (unitless),PPG sample 467 at 3.736 seconds from window start
1725,ppg_0468,normalized amplitude (unitless),PPG sample 468 at 3.744 seconds from window start
1726,ppg_0469,normalized amplitude (unitless),PPG sample 469 at 3.752 seconds from window start
1727,ppg_0470,normalized amplitude (unitless),PPG sample 470 at 3.760 seconds from window start
1728,ppg_0471,normalized amplitude (unitless),PPG sample 471 at 3.768 seconds from window start
1729,ppg_0472,normalized amplitude (unitless),PPG sample 472 at 3.776 seconds from window start
1730,ppg_0473,normalized amplitude (unitless),PPG sample 473 at 3.784 seconds from window start
1731,ppg_0474,normalized amplitude (unitless),PPG sample 474 at 3.792 seconds from window start
1732,ppg_0475,normalized amplitude (unitless),PPG sample 475 at 3.800 seconds from window start
1733,ppg_0476,normalized amplitude (unitless),PPG sample 476 at 3.808 seconds from window start
1734,ppg_0477,normalized amplitude (unitless),PPG sample 477 at 3.816 seconds from window start
1735,ppg_0478,normalized amplitude (unitless),PPG sample 478 at 3.824 seconds from window start
1736,ppg_0479,normalized amplitude (unitless),PPG sample 479 at 3.832 seconds from window start
1737,ppg_0480,normalized amplitude (unitless),PPG sample 480 at 3.840 seconds from window start
1738,ppg_0481,normalized amplitude (unitless),PPG sample 481 at 3.848 seconds from window start
1739,ppg_0482,normalized amplitude (unitless),PPG sample 482 at 3.856 seconds from window start
1740,ppg_0483,normalized amplitude (unitless),PPG sample 483 at 3.864 seconds from window start
1741,ppg_0484,normalized amplitude (unitless),PPG sample 484 at 3.872 seconds from window start
1742,ppg_0485,normalized amplitude (unitless),PPG sample 485 at 3.880 seconds from window start
1743,ppg_0486,normalized amplitude (unitless),PPG sample 486 at 3.888 seconds from window start
1744,ppg_0487,normalized amplitude (unitless),PPG sample 487 at 3.896 seconds from window start
1745,ppg_0488,normalized amplitude (unitless),PPG sample 488 at 3.904 seconds from window start
1746,ppg_0489,normalized amplitude (unitless),PPG sample 489 at 3.912 seconds from window start
1747,ppg_0490,normalized amplitude (unitless),PPG sample 490 at 3.920 seconds from window start
1748,ppg_0491,normalized amplitude (unitless),PPG sample 491 at 3.928 seconds from window start
1749,ppg_0492,normalized amplitude (unitless),PPG sample 492 at 3.936 seconds from window start
1750,ppg_0493,normalized amplitude (unitless),PPG sample 493 at 3.944 seconds from window start
1751,ppg_0494,normalized amplitude (unitless),PPG sample 494 at 3.952 seconds from window start
1752,ppg_0495,normalized amplitude (unitless),PPG sample 495 at 3.960 seconds from window start
1753,ppg_0496,normalized amplitude (unitless),PPG sample 496 at 3.968 seconds from window start
1754,ppg_0497,normalized amplitude (unitless),PPG sample 497 at 3.976 seconds from window start
1755,ppg_0498,normalized amplitude (unitless),PPG sample 498 at 3.984 seconds from window start
1756,ppg_0499,normalized amplitude (unitless),PPG sample 499 at 3.992 seconds from window start
1757,ppg_0500,normalized amplitude (unitless),PPG sample 500 at 4.000 seconds from window start
1758,ppg_0501,normalized amplitude (unitless),PPG sample 501 at 4.008 seconds from window start
1759,ppg_0502,normalized amplitude (unitless),PPG sample 502 at 4.016 seconds from window start
1760,ppg_0503,normalized amplitude (unitless),PPG sample 503 at 4.024 seconds from window start
1761,ppg_0504,normalized amplitude (unitless),PPG sample 504 at 4.032 seconds from window start
1762,ppg_0505,normalized amplitude (unitless),PPG sample 505 at 4.040 seconds from window start
1763,ppg_0506,normalized amplitude (unitless),PPG sample 506 at 4.048 seconds from window start
1764,ppg_0507,normalized amplitude (unitless),PPG sample 507 at 4.056 seconds from window start
1765,ppg_0508,normalized amplitude (unitless),PPG sample 508 at 4.064 seconds from window start
1766,ppg_0509,normalized amplitude (unitless),PPG sample 509 at 4.072 seconds from window start
1767,ppg_0510,normalized amplitude (unitless),PPG sample 510 at 4.080 seconds from window start
1768,ppg_0511,normalized amplitude (unitless),PPG sample 511 at 4.088 seconds from window start
1769,ppg_0512,normalized amplitude (unitless),PPG sample 512 at 4.096 seconds from window start
1770,ppg_0513,normalized amplitude (unitless),PPG sample 513 at 4.104 seconds from window start
1771,ppg_0514,normalized amplitude (unitless),PPG sample 514 at 4.112 seconds from window start
1772,ppg_0515,normalized amplitude (unitless),PPG sample 515 at 4.120 seconds from window start
1773,ppg_0516,normalized amplitude (unitless),PPG sample 516 at 4.128 seconds from window start
1774,ppg_0517,normalized amplitude (unitless),PPG sample 517 at 4.136 seconds from window start
1775,ppg_0518,normalized amplitude (unitless),PPG sample 518 at 4.144 seconds from window start
1776,ppg_0519,normalized amplitude (unitless),PPG sample 519 at 4.152 seconds from window start
1777,ppg_0520,normalized amplitude (unitless),PPG sample 520 at 4.160 seconds from window start
1778,ppg_0521,normalized amplitude (unitless),PPG sample 521 at 4.168 seconds from window start
1779,ppg_0522,normalized amplitude (unitless),PPG sample 522 at 4.176 seconds from window start
1780,ppg_0523,normalized amplitude (unitless),PPG sample 523 at 4.184 seconds from window start
1781,ppg_0524,normalized amplitude (unitless),PPG sample 524 at 4.192 seconds from window start
1782,ppg_0525,normalized amplitude (unitless),PPG sample 525 at 4.200 seconds from window start
1783,ppg_0526,normalized amplitude (unitless),PPG sample 526 at 4.208 seconds from window start
1784,ppg_0527,normalized amplitude (unitless),PPG sample 527 at 4.216 seconds from window start
1785,ppg_0528,normalized amplitude (unitless),PPG sample 528 at 4.224 seconds from window start
1786,ppg_0529,normalized amplitude (unitless),PPG sample 529 at 4.232 seconds from window start
1787,ppg_0530,normalized amplitude (unitless),PPG sample 530 at 4.240 seconds from window start
1788,ppg_0531,normalized amplitude (unitless),PPG sample 531 at 4.248 seconds from window start
1789,ppg_0532,normalized amplitude (unitless),PPG sample 532 at 4.256 seconds from window start
1790,ppg_0533,normalized amplitude (unitless),PPG sample 533 at 4.264 seconds from window start
1791,ppg_0534,normalized amplitude (unitless),PPG sample 534 at 4.272 seconds from window start
1792,ppg_0535,normalized amplitude (unitless),PPG sample 535 at 4.280 seconds from window start
1793,ppg_0536,normalized amplitude (unitless),PPG sample 536 at 4.288 seconds from window start
1794,ppg_0537,normalized amplitude (unitless),PPG sample 537 at 4.296 seconds from window start
1795,ppg_0538,normalized amplitude (unitless),PPG sample 538 at 4.304 seconds from window start
1796,ppg_0539,normalized amplitude (unitless),PPG sample 539 at 4.312 seconds from window start
1797,ppg_0540,normalized amplitude (unitless),PPG sample 540 at 4.320 seconds from window start
1798,ppg_0541,normalized amplitude (unitless),PPG sample 541 at 4.328 seconds from window start
1799,ppg_0542,normalized amplitude (unitless),PPG sample 542 at 4.336 seconds from window start
1800,ppg_0543,normalized amplitude (unitless),PPG sample 543 at 4.344 seconds from window start
1801,ppg_0544,normalized amplitude (unitless),PPG sample 544 at 4.352 seconds from window start
1802,ppg_0545,normalized amplitude (unitless),PPG sample 545 at 4.360 seconds from window start
1803,ppg_0546,normalized amplitude (unitless),PPG sample 546 at 4.368 seconds from window start
1804,ppg_0547,normalized amplitude (unitless),PPG sample 547 at 4.376 seconds from window start
1805,ppg_0548,normalized amplitude (unitless),PPG sample 548 at 4.384 seconds from window start
1806,ppg_0549,normalized amplitude (unitless),PPG sample 549 at 4.392 seconds from window start
1807,ppg_0550,normalized amplitude (unitless),PPG sample 550 at 4.400 seconds from window start
1808,ppg_0551,normalized amplitude (unitless),PPG sample 551 at 4.408 seconds from window start
1809,ppg_0552,normalized amplitude (unitless),PPG sample 552 at 4.416 seconds from window start
1810,ppg_0553,normalized amplitude (unitless),PPG sample 553 at 4.424 seconds from window start
1811,ppg_0554,normalized amplitude (unitless),PPG sample 554 at 4.432 seconds from window start
1812,ppg_0555,normalized amplitude (unitless),PPG sample 555 at 4.440 seconds from window start
1813,ppg_0556,normalized amplitude (unitless),PPG sample 556 at 4.448 seconds from window start
1814,ppg_0557,normalized amplitude (unitless),PPG sample 557 at 4.456 seconds from window start
1815,ppg_0558,normalized amplitude (unitless),PPG sample 558 at 4.464 seconds from window start
1816,ppg_0559,normalized amplitude (unitless),PPG sample 559 at 4.472 seconds from window start
1817,ppg_0560,normalized amplitude (unitless),PPG sample 560 at 4.480 seconds from window start
1818,ppg_0561,normalized amplitude (unitless),PPG sample 561 at 4.488 seconds from window start
1819,ppg_0562,normalized amplitude (unitless),PPG sample 562 at 4.496 seconds from window start
1820,ppg_0563,normalized amplitude (unitless),PPG sample 563 at 4.504 seconds from window start
1821,ppg_0564,normalized amplitude (unitless),PPG sample 564 at 4.512 seconds from window start
1822,ppg_0565,normalized amplitude (unitless),PPG sample 565 at 4.520 seconds from window start
1823,ppg_0566,normalized amplitude (unitless),PPG sample 566 at 4.528 seconds from window start
1824,ppg_0567,normalized amplitude (unitless),PPG sample 567 at 4.536 seconds from window start
1825,ppg_0568,normalized amplitude (unitless),PPG sample 568 at 4.544 seconds from window start
1826,ppg_0569,normalized amplitude (unitless),PPG sample 569 at 4.552 seconds from window start
1827,ppg_0570,normalized amplitude (unitless),PPG sample 570 at 4.560 seconds from window start
1828,ppg_0571,normalized amplitude (unitless),PPG sample 571 at 4.568 seconds from window start
1829,ppg_0572,normalized amplitude (unitless),PPG sample 572 at 4.576 seconds from window start
1830,ppg_0573,normalized amplitude (unitless),PPG sample 573 at 4.584 seconds from window start
1831,ppg_0574,normalized amplitude (unitless),PPG sample 574 at 4.592 seconds from window start
1832,ppg_0575,normalized amplitude (unitless),PPG sample 575 at 4.600 seconds from window start
1833,ppg_0576,normalized amplitude (unitless),PPG sample 576 at 4.608 seconds from window start
1834,ppg_0577,normalized amplitude (unitless),PPG sample 577 at 4.616 seconds from window start
1835,ppg_0578,normalized amplitude (unitless),PPG sample 578 at 4.624 seconds from window start
1836,ppg_0579,normalized amplitude (unitless),PPG sample 579 at 4.632 seconds from window start
1837,ppg_0580,normalized amplitude (unitless),PPG sample 580 at 4.640 seconds from window start
1838,ppg_0581,normalized amplitude (unitless),PPG sample 581 at 4.648 seconds from window start
1839,ppg_0582,normalized amplitude (unitless),PPG sample 582 at 4.656 seconds from window start
1840,ppg_0583,normalized amplitude (unitless),PPG sample 583 at 4.664 seconds from window start
1841,ppg_0584,normalized amplitude (unitless),PPG sample 584 at 4.672 seconds from window start
1842,ppg_0585,normalized amplitude (unitless),PPG sample 585 at 4.680 seconds from window start
1843,ppg_0586,normalized amplitude (unitless),PPG sample 586 at 4.688 seconds from window start
1844,ppg_0587,normalized amplitude (unitless),PPG sample 587 at 4.696 seconds from window start
1845,ppg_0588,normalized amplitude (unitless),PPG sample 588 at 4.704 seconds from window start
1846,ppg_0589,normalized amplitude (unitless),PPG sample 589 at 4.712 seconds from window start
1847,ppg_0590,normalized amplitude (unitless),PPG sample 590 at 4.720 seconds from window start
1848,ppg_0591,normalized amplitude (unitless),PPG sample 591 at 4.728 seconds from window start
1849,ppg_0592,normalized amplitude (unitless),PPG sample 592 at 4.736 seconds from window start
1850,ppg_0593,normalized amplitude (unitless),PPG sample 593 at 4.744 seconds from window start
1851,ppg_0594,normalized amplitude (unitless),PPG sample 594 at 4.752 seconds from window start
1852,ppg_0595,normalized amplitude (unitless),PPG sample 595 at 4.760 seconds from window start
1853,ppg_0596,normalized amplitude (unitless),PPG sample 596 at 4.768 seconds from window start
1854,ppg_0597,normalized amplitude (unitless),PPG sample 597 at 4.776 seconds from window start
1855,ppg_0598,normalized amplitude (unitless),PPG sample 598 at 4.784 seconds from window start
1856,ppg_0599,normalized amplitude (unitless),PPG sample 599 at 4.792 seconds from window start
1857,ppg_0600,normalized amplitude (unitless),PPG sample 600 at 4.800 seconds from window start
1858,ppg_0601,normalized amplitude (unitless),PPG sample 601 at 4.808 seconds from window start
1859,ppg_0602,normalized amplitude (unitless),PPG sample 602 at 4.816 seconds from window start
1860,ppg_0603,normalized amplitude (unitless),PPG sample 603 at 4.824 seconds from window start
1861,ppg_0604,normalized amplitude (unitless),PPG sample 604 at 4.832 seconds from window start
1862,ppg_0605,normalized amplitude (unitless),PPG sample 605 at 4.840 seconds from window start
1863,ppg_0606,normalized amplitude (unitless),PPG sample 606 at 4.848 seconds from window start
1864,ppg_0607,normalized amplitude (unitless),PPG sample 607 at 4.856 seconds from window start
1865,ppg_0608,normalized amplitude (unitless),PPG sample 608 at 4.864 seconds from window start
1866,ppg_0609,normalized amplitude (unitless),PPG sample 609 at 4.872 seconds from window start
1867,ppg_0610,normalized amplitude (unitless),PPG sample 610 at 4.880 seconds from window start
1868,ppg_0611,normalized amplitude (unitless),PPG sample 611 at 4.888 seconds from window start
1869,ppg_0612,normalized amplitude (unitless),PPG sample 612 at 4.896 seconds from window start
1870,ppg_0613,normalized amplitude (unitless),PPG sample 613 at 4.904 seconds from window start
1871,ppg_0614,normalized amplitude (unitless),PPG sample 614 at 4.912 seconds from window start
1872,ppg_0615,normalized amplitude (unitless),PPG sample 615 at 4.920 seconds from window start
1873,ppg_0616,normalized amplitude (unitless),PPG sample 616 at 4.928 seconds from window start
1874,ppg_0617,normalized amplitude (unitless),PPG sample 617 at 4.936 seconds from window start
1875,ppg_0618,normalized amplitude (unitless),PPG sample 618 at 4.944 seconds from window start
1876,ppg_0619,normalized amplitude (unitless),PPG sample 619 at 4.952 seconds from window start
1877,ppg_0620,normalized amplitude (unitless),PPG sample 620 at 4.960 seconds from window start
1878,ppg_0621,normalized amplitude (unitless),PPG sample 621 at 4.968 seconds from window start
1879,ppg_0622,normalized amplitude (unitless),PPG sample 622 at 4.976 seconds from window start
1880,ppg_0623,normalized amplitude (unitless),PPG sample 623 at 4.984 seconds from window start
1881,ppg_0624,normalized amplitude (unitless),PPG sample 624 at 4.992 seconds from window start
1882,ppg_0625,normalized amplitude (unitless),PPG sample 625 at 5.000 seconds from window start
1883,ppg_0626,normalized amplitude (unitless),PPG sample 626 at 5.008 seconds from window start
1884,ppg_0627,normalized amplitude (unitless),PPG sample 627 at 5.016 seconds from window start
1885,ppg_0628,normalized amplitude (unitless),PPG sample 628 at 5.024 seconds from window start
1886,ppg_0629,normalized amplitude (unitless),PPG sample 629 at 5.032 seconds from window start
1887,ppg_0630,normalized amplitude (unitless),PPG sample 630 at 5.040 seconds from window start
1888,ppg_0631,normalized amplitude (unitless),PPG sample 631 at 5.048 seconds from window start
1889,ppg_0632,normalized amplitude (unitless),PPG sample 632 at 5.056 seconds from window start
1890,ppg_0633,normalized amplitude (unitless),PPG sample 633 at 5.064 seconds from window start
1891,ppg_0634,normalized amplitude (unitless),PPG sample 634 at 5.072 seconds from window start
1892,ppg_0635,normalized amplitude (unitless),PPG sample 635 at 5.080 seconds from window start
1893,ppg_0636,normalized amplitude (unitless),PPG sample 636 at 5.088 seconds from window start
1894,ppg_0637,normalized amplitude (unitless),PPG sample 637 at 5.096 seconds from window start
1895,ppg_0638,normalized amplitude (unitless),PPG sample 638 at 5.104 seconds from window start
1896,ppg_0639,normalized amplitude (unitless),PPG sample 639 at 5.112 seconds from window start
1897,ppg_0640,normalized amplitude (unitless),PPG sample 640 at 5.120 seconds from window start
1898,ppg_0641,normalized amplitude (unitless),PPG sample 641 at 5.128 seconds from window start
1899,ppg_0642,normalized amplitude (unitless),PPG sample 642 at 5.136 seconds from window start
1900,ppg_0643,normalized amplitude (unitless),PPG sample 643 at 5.144 seconds from window start
1901,ppg_0644,normalized amplitude (unitless),PPG sample 644 at 5.152 seconds from window start
1902,ppg_0645,normalized amplitude (unitless),PPG sample 645 at 5.160 seconds from window start
1903,ppg_0646,normalized amplitude (unitless),PPG sample 646 at 5.168 seconds from window start
1904,ppg_0647,normalized amplitude (unitless),PPG sample 647 at 5.176 seconds from window start
1905,ppg_0648,normalized amplitude (unitless),PPG sample 648 at 5.184 seconds from window start
1906,ppg_0649,normalized amplitude (unitless),PPG sample 649 at 5.192 seconds from window start
1907,ppg_0650,normalized amplitude (unitless),PPG sample 650 at 5.200 seconds from window start
1908,ppg_0651,normalized amplitude (unitless),PPG sample 651 at 5.208 seconds from window start
1909,ppg_0652,normalized amplitude (unitless),PPG sample 652 at 5.216 seconds from window start
1910,ppg_0653,normalized amplitude (unitless),PPG sample 653 at 5.224 seconds from window start
1911,ppg_0654,normalized amplitude (unitless),PPG sample 654 at 5.232 seconds from window start
1912,ppg_0655,normalized amplitude (unitless),PPG sample 655 at 5.240 seconds from window start
1913,ppg_0656,normalized amplitude (unitless),PPG sample 656 at 5.248 seconds from window start
1914,ppg_0657,normalized amplitude (unitless),PPG sample 657 at 5.256 seconds from window start
1915,ppg_0658,normalized amplitude (unitless),PPG sample 658 at 5.264 seconds from window start
1916,ppg_0659,normalized amplitude (unitless),PPG sample 659 at 5.272 seconds from window start
1917,ppg_0660,normalized amplitude (unitless),PPG sample 660 at 5.280 seconds from window start
1918,ppg_0661,normalized amplitude (unitless),PPG sample 661 at 5.288 seconds from window start
1919,ppg_0662,normalized amplitude (unitless),PPG sample 662 at 5.296 seconds from window start
1920,ppg_0663,normalized amplitude (unitless),PPG sample 663 at 5.304 seconds from window start
1921,ppg_0664,normalized amplitude (unitless),PPG sample 664 at 5.312 seconds from window start
1922,ppg_0665,normalized amplitude (unitless),PPG sample 665 at 5.320 seconds from window start
1923,ppg_0666,normalized amplitude (unitless),PPG sample 666 at 5.328 seconds from window start
1924,ppg_0667,normalized amplitude (unitless),PPG sample 667 at 5.336 seconds from window start
1925,ppg_0668,normalized amplitude (unitless),PPG sample 668 at 5.344 seconds from window start
1926,ppg_0669,normalized amplitude (unitless),PPG sample 669 at 5.352 seconds from window start
1927,ppg_0670,normalized amplitude (unitless),PPG sample 670 at 5.360 seconds from window start
1928,ppg_0671,normalized amplitude (unitless),PPG sample 671 at 5.368 seconds from window start
1929,ppg_0672,normalized amplitude (unitless),PPG sample 672 at 5.376 seconds from window start
1930,ppg_0673,normalized amplitude (unitless),PPG sample 673 at 5.384 seconds from window start
1931,ppg_0674,normalized amplitude (unitless),PPG sample 674 at 5.392 seconds from window start
1932,ppg_0675,normalized amplitude (unitless),PPG sample 675 at 5.400 seconds from window start
1933,ppg_0676,normalized amplitude (unitless),PPG sample 676 at 5.408 seconds from window start
1934,ppg_0677,normalized amplitude (unitless),PPG sample 677 at 5.416 seconds from window start
1935,ppg_0678,normalized amplitude (unitless),PPG sample 678 at 5.424 seconds from window start
1936,ppg_0679,normalized amplitude (unitless),PPG sample 679 at 5.432 seconds from window start
1937,ppg_0680,normalized amplitude (unitless),PPG sample 680 at 5.440 seconds from window start
1938,ppg_0681,normalized amplitude (unitless),PPG sample 681 at 5.448 seconds from window start
1939,ppg_0682,normalized amplitude (unitless),PPG sample 682 at 5.456 seconds from window start
1940,ppg_0683,normalized amplitude (unitless),PPG sample 683 at 5.464 seconds from window start
1941,ppg_0684,normalized amplitude (unitless),PPG sample 684 at 5.472 seconds from window start
1942,ppg_0685,normalized amplitude (unitless),PPG sample 685 at 5.480 seconds from window start
1943,ppg_0686,normalized amplitude (unitless),PPG sample 686 at 5.488 seconds from window start
1944,ppg_0687,normalized amplitude (unitless),PPG sample 687 at 5.496 seconds from window start
1945,ppg_0688,normalized amplitude (unitless),PPG sample 688 at 5.504 seconds from window start
1946,ppg_0689,normalized amplitude (unitless),PPG sample 689 at 5.512 seconds from window start
1947,ppg_0690,normalized amplitude (unitless),PPG sample 690 at 5.520 seconds from window start
1948,ppg_0691,normalized amplitude (unitless),PPG sample 691 at 5.528 seconds from window start
1949,ppg_0692,normalized amplitude (unitless),PPG sample 692 at 5.536 seconds from window start
1950,ppg_0693,normalized amplitude (unitless),PPG sample 693 at 5.544 seconds from window start
1951,ppg_0694,normalized amplitude (unitless),PPG sample 694 at 5.552 seconds from window start
1952,ppg_0695,normalized amplitude (unitless),PPG sample 695 at 5.560 seconds from window start
1953,ppg_0696,normalized amplitude (unitless),PPG sample 696 at 5.568 seconds from window start
1954,ppg_0697,normalized amplitude (unitless),PPG sample 697 at 5.576 seconds from window start
1955,ppg_0698,normalized amplitude (unitless),PPG sample 698 at 5.584 seconds from window start
1956,ppg_0699,normalized amplitude (unitless),PPG sample 699 at 5.592 seconds from window start
1957,ppg_0700,normalized amplitude (unitless),PPG sample 700 at 5.600 seconds from window start
1958,ppg_0701,normalized amplitude (unitless),PPG sample 701 at 5.608 seconds from window start
1959,ppg_0702,normalized amplitude (unitless),PPG sample 702 at 5.616 seconds from window start
1960,ppg_0703,normalized amplitude (unitless),PPG sample 703 at 5.624 seconds from window start
1961,ppg_0704,normalized amplitude (unitless),PPG sample 704 at 5.632 seconds from window start
1962,ppg_0705,normalized amplitude (unitless),PPG sample 705 at 5.640 seconds from window start
1963,ppg_0706,normalized amplitude (unitless),PPG sample 706 at 5.648 seconds from window start
1964,ppg_0707,normalized amplitude (unitless),PPG sample 707 at 5.656 seconds from window start
1965,ppg_0708,normalized amplitude (unitless),PPG sample 708 at 5.664 seconds from window start
1966,ppg_0709,normalized amplitude (unitless),PPG sample 709 at 5.672 seconds from window start
1967,ppg_0710,normalized amplitude (unitless),PPG sample 710 at 5.680 seconds from window start
1968,ppg_0711,normalized amplitude (unitless),PPG sample 711 at 5.688 seconds from window start
1969,ppg_0712,normalized amplitude (unitless),PPG sample 712 at 5.696 seconds from window start
1970,ppg_0713,normalized amplitude (unitless),PPG sample 713 at 5.704 seconds from window start
1971,ppg_0714,normalized amplitude (unitless),PPG sample 714 at 5.712 seconds from window start
1972,ppg_0715,normalized amplitude (unitless),PPG sample 715 at 5.720 seconds from window start
1973,ppg_0716,normalized amplitude (unitless),PPG sample 716 at 5.728 seconds from window start
1974,ppg_0717,normalized amplitude (unitless),PPG sample 717 at 5.736 seconds from window start
1975,ppg_0718,normalized amplitude (unitless),PPG sample 718 at 5.744 seconds from window start
1976,ppg_0719,normalized amplitude (unitless),PPG sample 719 at 5.752 seconds from window start
1977,ppg_0720,normalized amplitude (unitless),PPG sample 720 at 5.760 seconds from window start
1978,ppg_0721,normalized amplitude (unitless),PPG sample 721 at 5.768 seconds from window start
1979,ppg_0722,normalized amplitude (unitless),PPG sample 722 at 5.776 seconds from window start
1980,ppg_0723,normalized amplitude (unitless),PPG sample 723 at 5.784 seconds from window start
1981,ppg_0724,normalized amplitude (unitless),PPG sample 724 at 5.792 seconds from window start
1982,ppg_0725,normalized amplitude (unitless),PPG sample 725 at 5.800 seconds from window start
1983,ppg_0726,normalized amplitude (unitless),PPG sample 726 at 5.808 seconds from window start
1984,ppg_0727,normalized amplitude (unitless),PPG sample 727 at 5.816 seconds from window start
1985,ppg_0728,normalized amplitude (unitless),PPG sample 728 at 5.824 seconds from window start
1986,ppg_0729,normalized amplitude (unitless),PPG sample 729 at 5.832 seconds from window start
1987,ppg_0730,normalized amplitude (unitless),PPG sample 730 at 5.840 seconds from window start
1988,ppg_0731,normalized amplitude (unitless),PPG sample 731 at 5.848 seconds from window start
1989,ppg_0732,normalized amplitude (unitless),PPG sample 732 at 5.856 seconds from window start
1990,ppg_0733,normalized amplitude (unitless),PPG sample 733 at 5.864 seconds from window start
1991,ppg_0734,normalized amplitude (unitless),PPG sample 734 at 5.872 seconds from window start
1992,ppg_0735,normalized amplitude (unitless),PPG sample 735 at 5.880 seconds from window start
1993,ppg_0736,normalized amplitude (unitless),PPG sample 736 at 5.888 seconds from window start
1994,ppg_0737,normalized amplitude (unitless),PPG sample 737 at 5.896 seconds from window start
1995,ppg_0738,normalized amplitude (unitless),PPG sample 738 at 5.904 seconds from window start
1996,ppg_0739,normalized amplitude (unitless),PPG sample 739 at 5.912 seconds from window start
1997,ppg_0740,normalized amplitude (unitless),PPG sample 740 at 5.920 seconds from window start
1998,ppg_0741,normalized amplitude (unitless),PPG sample 741 at 5.928 seconds from window start
1999,ppg_0742,normalized amplitude (unitless),PPG sample 742 at 5.936 seconds from window start
2000,ppg_0743,normalized amplitude (unitless),PPG sample 743 at 5.944 seconds from window start
2001,ppg_0744,normalized amplitude (unitless),PPG sample 744 at 5.952 seconds from window start
2002,ppg_0745,normalized amplitude (unitless),PPG sample 745 at 5.960 seconds from window start
2003,ppg_0746,normalized amplitude (unitless),PPG sample 746 at 5.968 seconds from window start
2004,ppg_0747,normalized amplitude (unitless),PPG sample 747 at 5.976 seconds from window start
2005,ppg_0748,normalized amplitude (unitless),PPG sample 748 at 5.984 seconds from window start
2006,ppg_0749,normalized amplitude (unitless),PPG sample 749 at 5.992 seconds from window start
2007,ppg_0750,normalized amplitude (unitless),PPG sample 750 at 6.000 seconds from window start
2008,ppg_0751,normalized amplitude (unitless),PPG sample 751 at 6.008 seconds from window start
2009,ppg_0752,normalized amplitude (unitless),PPG sample 752 at 6.016 seconds from window start
2010,ppg_0753,normalized amplitude (unitless),PPG sample 753 at 6.024 seconds from window start
2011,ppg_0754,normalized amplitude (unitless),PPG sample 754 at 6.032 seconds from window start
2012,ppg_0755,normalized amplitude (unitless),PPG sample 755 at 6.040 seconds from window start
2013,ppg_0756,normalized amplitude (unitless),PPG sample 756 at 6.048 seconds from window start
2014,ppg_0757,normalized amplitude (unitless),PPG sample 757 at 6.056 seconds from window start
2015,ppg_0758,normalized amplitude (unitless),PPG sample 758 at 6.064 seconds from window start
2016,ppg_0759,normalized amplitude (unitless),PPG sample 759 at 6.072 seconds from window start
2017,ppg_0760,normalized amplitude (unitless),PPG sample 760 at 6.080 seconds from window start
2018,ppg_0761,normalized amplitude (unitless),PPG sample 761 at 6.088 seconds from window start
2019,ppg_0762,normalized amplitude (unitless),PPG sample 762 at 6.096 seconds from window start
2020,ppg_0763,normalized amplitude (unitless),PPG sample 763 at 6.104 seconds from window start
2021,ppg_0764,normalized amplitude (unitless),PPG sample 764 at 6.112 seconds from window start
2022,ppg_0765,normalized amplitude (unitless),PPG sample 765 at 6.120 seconds from window start
2023,ppg_0766,normalized amplitude (unitless),PPG sample 766 at 6.128 seconds from window start
2024,ppg_0767,normalized amplitude (unitless),PPG sample 767 at 6.136 seconds from window start
2025,ppg_0768,normalized amplitude (unitless),PPG sample 768 at 6.144 seconds from window start
2026,ppg_0769,normalized amplitude (unitless),PPG sample 769 at 6.152 seconds from window start
2027,ppg_0770,normalized amplitude (unitless),PPG sample 770 at 6.160 seconds from window start
2028,ppg_0771,normalized amplitude (unitless),PPG sample 771 at 6.168 seconds from window start
2029,ppg_0772,normalized amplitude (unitless),PPG sample 772 at 6.176 seconds from window start
2030,ppg_0773,normalized amplitude (unitless),PPG sample 773 at 6.184 seconds from window start
2031,ppg_0774,normalized amplitude (unitless),PPG sample 774 at 6.192 seconds from window start
2032,ppg_0775,normalized amplitude (unitless),PPG sample 775 at 6.200 seconds from window start
2033,ppg_0776,normalized amplitude (unitless),PPG sample 776 at 6.208 seconds from window start
2034,ppg_0777,normalized amplitude (unitless),PPG sample 777 at 6.216 seconds from window start
2035,ppg_0778,normalized amplitude (unitless),PPG sample 778 at 6.224 seconds from window start
2036,ppg_0779,normalized amplitude (unitless),PPG sample 779 at 6.232 seconds from window start
2037,ppg_0780,normalized amplitude (unitless),PPG sample 780 at 6.240 seconds from window start
2038,ppg_0781,normalized amplitude (unitless),PPG sample 781 at 6.248 seconds from window start
2039,ppg_0782,normalized amplitude (unitless),PPG sample 782 at 6.256 seconds from window start
2040,ppg_0783,normalized amplitude (unitless),PPG sample 783 at 6.264 seconds from window start
2041,ppg_0784,normalized amplitude (unitless),PPG sample 784 at 6.272 seconds from window start
2042,ppg_0785,normalized amplitude (unitless),PPG sample 785 at 6.280 seconds from window start
2043,ppg_0786,normalized amplitude (unitless),PPG sample 786 at 6.288 seconds from window start
2044,ppg_0787,normalized amplitude (unitless),PPG sample 787 at 6.296 seconds from window start
2045,ppg_0788,normalized amplitude (unitless),PPG sample 788 at 6.304 seconds from window start
2046,ppg_0789,normalized amplitude (unitless),PPG sample 789 at 6.312 seconds from window start
2047,ppg_0790,normalized amplitude (unitless),PPG sample 790 at 6.320 seconds from window start
2048,ppg_0791,normalized amplitude (unitless),PPG sample 791 at 6.328 seconds from window start
2049,ppg_0792,normalized amplitude (unitless),PPG sample 792 at 6.336 seconds from window start
2050,ppg_0793,normalized amplitude (unitless),PPG sample 793 at 6.344 seconds from window start
2051,ppg_0794,normalized amplitude (unitless),PPG sample 794 at 6.352 seconds from window start
2052,ppg_0795,normalized amplitude (unitless),PPG sample 795 at 6.360 seconds from window start
2053,ppg_0796,normalized amplitude (unitless),PPG sample 796 at 6.368 seconds from window start
2054,ppg_0797,normalized amplitude (unitless),PPG sample 797 at 6.376 seconds from window start
2055,ppg_0798,normalized amplitude (unitless),PPG sample 798 at 6.384 seconds from window start
2056,ppg_0799,normalized amplitude (unitless),PPG sample 799 at 6.392 seconds from window start
2057,ppg_0800,normalized amplitude (unitless),PPG sample 800 at 6.400 seconds from window start
2058,ppg_0801,normalized amplitude (unitless),PPG sample 801 at 6.408 seconds from window start
2059,ppg_0802,normalized amplitude (unitless),PPG sample 802 at 6.416 seconds from window start
2060,ppg_0803,normalized amplitude (unitless),PPG sample 803 at 6.424 seconds from window start
2061,ppg_0804,normalized amplitude (unitless),PPG sample 804 at 6.432 seconds from window start
2062,ppg_0805,normalized amplitude (unitless),PPG sample 805 at 6.440 seconds from window start
2063,ppg_0806,normalized amplitude (unitless),PPG sample 806 at 6.448 seconds from window start
2064,ppg_0807,normalized amplitude (unitless),PPG sample 807 at 6.456 seconds from window start
2065,ppg_0808,normalized amplitude (unitless),PPG sample 808 at 6.464 seconds from window start
2066,ppg_0809,normalized amplitude (unitless),PPG sample 809 at 6.472 seconds from window start
2067,ppg_0810,normalized amplitude (unitless),PPG sample 810 at 6.480 seconds from window start
2068,ppg_0811,normalized amplitude (unitless),PPG sample 811 at 6.488 seconds from window start
2069,ppg_0812,normalized amplitude (unitless),PPG sample 812 at 6.496 seconds from window start
2070,ppg_0813,normalized amplitude (unitless),PPG sample 813 at 6.504 seconds from window start
2071,ppg_0814,normalized amplitude (unitless),PPG sample 814 at 6.512 seconds from window start
2072,ppg_0815,normalized amplitude (unitless),PPG sample 815 at 6.520 seconds from window start
2073,ppg_0816,normalized amplitude (unitless),PPG sample 816 at 6.528 seconds from window start
2074,ppg_0817,normalized amplitude (unitless),PPG sample 817 at 6.536 seconds from window start
2075,ppg_0818,normalized amplitude (unitless),PPG sample 818 at 6.544 seconds from window start
2076,ppg_0819,normalized amplitude (unitless),PPG sample 819 at 6.552 seconds from window start
2077,ppg_0820,normalized amplitude (unitless),PPG sample 820 at 6.560 seconds from window start
2078,ppg_0821,normalized amplitude (unitless),PPG sample 821 at 6.568 seconds from window start
2079,ppg_0822,normalized amplitude (unitless),PPG sample 822 at 6.576 seconds from window start
2080,ppg_0823,normalized amplitude (unitless),PPG sample 823 at 6.584 seconds from window start
2081,ppg_0824,normalized amplitude (unitless),PPG sample 824 at 6.592 seconds from window start
2082,ppg_0825,normalized amplitude (unitless),PPG sample 825 at 6.600 seconds from window start
2083,ppg_0826,normalized amplitude (unitless),PPG sample 826 at 6.608 seconds from window start
2084,ppg_0827,normalized amplitude (unitless),PPG sample 827 at 6.616 seconds from window start
2085,ppg_0828,normalized amplitude (unitless),PPG sample 828 at 6.624 seconds from window start
2086,ppg_0829,normalized amplitude (unitless),PPG sample 829 at 6.632 seconds from window start
2087,ppg_0830,normalized amplitude (unitless),PPG sample 830 at 6.640 seconds from window start
2088,ppg_0831,normalized amplitude (unitless),PPG sample 831 at 6.648 seconds from window start
2089,ppg_0832,normalized amplitude (unitless),PPG sample 832 at 6.656 seconds from window start
2090,ppg_0833,normalized amplitude (unitless),PPG sample 833 at 6.664 seconds from window start
2091,ppg_0834,normalized amplitude (unitless),PPG sample 834 at 6.672 seconds from window start
2092,ppg_0835,normalized amplitude (unitless),PPG sample 835 at 6.680 seconds from window start
2093,ppg_0836,normalized amplitude (unitless),PPG sample 836 at 6.688 seconds from window start
2094,ppg_0837,normalized amplitude (unitless),PPG sample 837 at 6.696 seconds from window start
2095,ppg_0838,normalized amplitude (unitless),PPG sample 838 at 6.704 seconds from window start
2096,ppg_0839,normalized amplitude (unitless),PPG sample 839 at 6.712 seconds from window start
2097,ppg_0840,normalized amplitude (unitless),PPG sample 840 at 6.720 seconds from window start
2098,ppg_0841,normalized amplitude (unitless),PPG sample 841 at 6.728 seconds from window start
2099,ppg_0842,normalized amplitude (unitless),PPG sample 842 at 6.736 seconds from window start
2100,ppg_0843,normalized amplitude (unitless),PPG sample 843 at 6.744 seconds from window start
2101,ppg_0844,normalized amplitude (unitless),PPG sample 844 at 6.752 seconds from window start
2102,ppg_0845,normalized amplitude (unitless),PPG sample 845 at 6.760 seconds from window start
2103,ppg_0846,normalized amplitude (unitless),PPG sample 846 at 6.768 seconds from window start
2104,ppg_0847,normalized amplitude (unitless),PPG sample 847 at 6.776 seconds from window start
2105,ppg_0848,normalized amplitude (unitless),PPG sample 848 at 6.784 seconds from window start
2106,ppg_0849,normalized amplitude (unitless),PPG sample 849 at 6.792 seconds from window start
2107,ppg_0850,normalized amplitude (unitless),PPG sample 850 at 6.800 seconds from window start
2108,ppg_0851,normalized amplitude (unitless),PPG sample 851 at 6.808 seconds from window start
2109,ppg_0852,normalized amplitude (unitless),PPG sample 852 at 6.816 seconds from window start
2110,ppg_0853,normalized amplitude (unitless),PPG sample 853 at 6.824 seconds from window start
2111,ppg_0854,normalized amplitude (unitless),PPG sample 854 at 6.832 seconds from window start
2112,ppg_0855,normalized amplitude (unitless),PPG sample 855 at 6.840 seconds from window start
2113,ppg_0856,normalized amplitude (unitless),PPG sample 856 at 6.848 seconds from window start
2114,ppg_0857,normalized amplitude (unitless),PPG sample 857 at 6.856 seconds from window start
2115,ppg_0858,normalized amplitude (unitless),PPG sample 858 at 6.864 seconds from window start
2116,ppg_0859,normalized amplitude (unitless),PPG sample 859 at 6.872 seconds from window start
2117,ppg_0860,normalized amplitude (unitless),PPG sample 860 at 6.880 seconds from window start
2118,ppg_0861,normalized amplitude (unitless),PPG sample 861 at 6.888 seconds from window start
2119,ppg_0862,normalized amplitude (unitless),PPG sample 862 at 6.896 seconds from window start
2120,ppg_0863,normalized amplitude (unitless),PPG sample 863 at 6.904 seconds from window start
2121,ppg_0864,normalized amplitude (unitless),PPG sample 864 at 6.912 seconds from window start
2122,ppg_0865,normalized amplitude (unitless),PPG sample 865 at 6.920 seconds from window start
2123,ppg_0866,normalized amplitude (unitless),PPG sample 866 at 6.928 seconds from window start
2124,ppg_0867,normalized amplitude (unitless),PPG sample 867 at 6.936 seconds from window start
2125,ppg_0868,normalized amplitude (unitless),PPG sample 868 at 6.944 seconds from window start
2126,ppg_0869,normalized amplitude (unitless),PPG sample 869 at 6.952 seconds from window start
2127,ppg_0870,normalized amplitude (unitless),PPG sample 870 at 6.960 seconds from window start
2128,ppg_0871,normalized amplitude (unitless),PPG sample 871 at 6.968 seconds from window start
2129,ppg_0872,normalized amplitude (unitless),PPG sample 872 at 6.976 seconds from window start
2130,ppg_0873,normalized amplitude (unitless),PPG sample 873 at 6.984 seconds from window start
2131,ppg_0874,normalized amplitude (unitless),PPG sample 874 at 6.992 seconds from window start
2132,ppg_0875,normalized amplitude (unitless),PPG sample 875 at 7.000 seconds from window start
2133,ppg_0876,normalized amplitude (unitless),PPG sample 876 at 7.008 seconds from window start
2134,ppg_0877,normalized amplitude (unitless),PPG sample 877 at 7.016 seconds from window start
2135,ppg_0878,normalized amplitude (unitless),PPG sample 878 at 7.024 seconds from window start
2136,ppg_0879,normalized amplitude (unitless),PPG sample 879 at 7.032 seconds from window start
2137,ppg_0880,normalized amplitude (unitless),PPG sample 880 at 7.040 seconds from window start
2138,ppg_0881,normalized amplitude (unitless),PPG sample 881 at 7.048 seconds from window start
2139,ppg_0882,normalized amplitude (unitless),PPG sample 882 at 7.056 seconds from window start
2140,ppg_0883,normalized amplitude (unitless),PPG sample 883 at 7.064 seconds from window start
2141,ppg_0884,normalized amplitude (unitless),PPG sample 884 at 7.072 seconds from window start
2142,ppg_0885,normalized amplitude (unitless),PPG sample 885 at 7.080 seconds from window start
2143,ppg_0886,normalized amplitude (unitless),PPG sample 886 at 7.088 seconds from window start
2144,ppg_0887,normalized amplitude (unitless),PPG sample 887 at 7.096 seconds from window start
2145,ppg_0888,normalized amplitude (unitless),PPG sample 888 at 7.104 seconds from window start
2146,ppg_0889,normalized amplitude (unitless),PPG sample 889 at 7.112 seconds from window start
2147,ppg_0890,normalized amplitude (unitless),PPG sample 890 at 7.120 seconds from window start
2148,ppg_0891,normalized amplitude (unitless),PPG sample 891 at 7.128 seconds from window start
2149,ppg_0892,normalized amplitude (unitless),PPG sample 892 at 7.136 seconds from window start
2150,ppg_0893,normalized amplitude (unitless),PPG sample 893 at 7.144 seconds from window start
2151,ppg_0894,normalized amplitude (unitless),PPG sample 894 at 7.152 seconds from window start
2152,ppg_0895,normalized amplitude (unitless),PPG sample 895 at 7.160 seconds from window start
2153,ppg_0896,normalized amplitude (unitless),PPG sample 896 at 7.168 seconds from window start
2154,ppg_0897,normalized amplitude (unitless),PPG sample 897 at 7.176 seconds from window start
2155,ppg_0898,normalized amplitude (unitless),PPG sample 898 at 7.184 seconds from window start
2156,ppg_0899,normalized amplitude (unitless),PPG sample 899 at 7.192 seconds from window start
2157,ppg_0900,normalized amplitude (unitless),PPG sample 900 at 7.200 seconds from window start
2158,ppg_0901,normalized amplitude (unitless),PPG sample 901 at 7.208 seconds from window start
2159,ppg_0902,normalized amplitude (unitless),PPG sample 902 at 7.216 seconds from window start
2160,ppg_0903,normalized amplitude (unitless),PPG sample 903 at 7.224 seconds from window start
2161,ppg_0904,normalized amplitude (unitless),PPG sample 904 at 7.232 seconds from window start
2162,ppg_0905,normalized amplitude (unitless),PPG sample 905 at 7.240 seconds from window start
2163,ppg_0906,normalized amplitude (unitless),PPG sample 906 at 7.248 seconds from window start
2164,ppg_0907,normalized amplitude (unitless),PPG sample 907 at 7.256 seconds from window start
2165,ppg_0908,normalized amplitude (unitless),PPG sample 908 at 7.264 seconds from window start
2166,ppg_0909,normalized amplitude (unitless),PPG sample 909 at 7.272 seconds from window start
2167,ppg_0910,normalized amplitude (unitless),PPG sample 910 at 7.280 seconds from window start
2168,ppg_0911,normalized amplitude (unitless),PPG sample 911 at 7.288 seconds from window start
2169,ppg_0912,normalized amplitude (unitless),PPG sample 912 at 7.296 seconds from window start
2170,ppg_0913,normalized amplitude (unitless),PPG sample 913 at 7.304 seconds from window start
2171,ppg_0914,normalized amplitude (unitless),PPG sample 914 at 7.312 seconds from window start
2172,ppg_0915,normalized amplitude (unitless),PPG sample 915 at 7.320 seconds from window start
2173,ppg_0916,normalized amplitude (unitless),PPG sample 916 at 7.328 seconds from window start
2174,ppg_0917,normalized amplitude (unitless),PPG sample 917 at 7.336 seconds from window start
2175,ppg_0918,normalized amplitude (unitless),PPG sample 918 at 7.344 seconds from window start
2176,ppg_0919,normalized amplitude (unitless),PPG sample 919 at 7.352 seconds from window start
2177,ppg_0920,normalized amplitude (unitless),PPG sample 920 at 7.360 seconds from window start
2178,ppg_0921,normalized amplitude (unitless),PPG sample 921 at 7.368 seconds from window start
2179,ppg_0922,normalized amplitude (unitless),PPG sample 922 at 7.376 seconds from window start
2180,ppg_0923,normalized amplitude (unitless),PPG sample 923 at 7.384 seconds from window start
2181,ppg_0924,normalized amplitude (unitless),PPG sample 924 at 7.392 seconds from window start
2182,ppg_0925,normalized amplitude (unitless),PPG sample 925 at 7.400 seconds from window start
2183,ppg_0926,normalized amplitude (unitless),PPG sample 926 at 7.408 seconds from window start
2184,ppg_0927,normalized amplitude (unitless),PPG sample 927 at 7.416 seconds from window start
2185,ppg_0928,normalized amplitude (unitless),PPG sample 928 at 7.424 seconds from window start
2186,ppg_0929,normalized amplitude (unitless),PPG sample 929 at 7.432 seconds from window start
2187,ppg_0930,normalized amplitude (unitless),PPG sample 930 at 7.440 seconds from window start
2188,ppg_0931,normalized amplitude (unitless),PPG sample 931 at 7.448 seconds from window start
2189,ppg_0932,normalized amplitude (unitless),PPG sample 932 at 7.456 seconds from window start
2190,ppg_0933,normalized amplitude (unitless),PPG sample 933 at 7.464 seconds from window start
2191,ppg_0934,normalized amplitude (unitless),PPG sample 934 at 7.472 seconds from window start
2192,ppg_0935,normalized amplitude (unitless),PPG sample 935 at 7.480 seconds from window start
2193,ppg_0936,normalized amplitude (unitless),PPG sample 936 at 7.488 seconds from window start
2194,ppg_0937,normalized amplitude (unitless),PPG sample 937 at 7.496 seconds from window start
2195,ppg_0938,normalized amplitude (unitless),PPG sample 938 at 7.504 seconds from window start
2196,ppg_0939,normalized amplitude (unitless),PPG sample 939 at 7.512 seconds from window start
2197,ppg_0940,normalized amplitude (unitless),PPG sample 940 at 7.520 seconds from window start
2198,ppg_0941,normalized amplitude (unitless),PPG sample 941 at 7.528 seconds from window start
2199,ppg_0942,normalized amplitude (unitless),PPG sample 942 at 7.536 seconds from window start
2200,ppg_0943,normalized amplitude (unitless),PPG sample 943 at 7.544 seconds from window start
2201,ppg_0944,normalized amplitude (unitless),PPG sample 944 at 7.552 seconds from window start
2202,ppg_0945,normalized amplitude (unitless),PPG sample 945 at 7.560 seconds from window start
2203,ppg_0946,normalized amplitude (unitless),PPG sample 946 at 7.568 seconds from window start
2204,ppg_0947,normalized amplitude (unitless),PPG sample 947 at 7.576 seconds from window start
2205,ppg_0948,normalized amplitude (unitless),PPG sample 948 at 7.584 seconds from window start
2206,ppg_0949,normalized amplitude (unitless),PPG sample 949 at 7.592 seconds from window start
2207,ppg_0950,normalized amplitude (unitless),PPG sample 950 at 7.600 seconds from window start
2208,ppg_0951,normalized amplitude (unitless),PPG sample 951 at 7.608 seconds from window start
2209,ppg_0952,normalized amplitude (unitless),PPG sample 952 at 7.616 seconds from window start
2210,ppg_0953,normalized amplitude (unitless),PPG sample 953 at 7.624 seconds from window start
2211,ppg_0954,normalized amplitude (unitless),PPG sample 954 at 7.632 seconds from window start
2212,ppg_0955,normalized amplitude (unitless),PPG sample 955 at 7.640 seconds from window start
2213,ppg_0956,normalized amplitude (unitless),PPG sample 956 at 7.648 seconds from window start
2214,ppg_0957,normalized amplitude (unitless),PPG sample 957 at 7.656 seconds from window start
2215,ppg_0958,normalized amplitude (unitless),PPG sample 958 at 7.664 seconds from window start
2216,ppg_0959,normalized amplitude (unitless),PPG sample 959 at 7.672 seconds from window start
2217,ppg_0960,normalized amplitude (unitless),PPG sample 960 at 7.680 seconds from window start
2218,ppg_0961,normalized amplitude (unitless),PPG sample 961 at 7.688 seconds from window start
2219,ppg_0962,normalized amplitude (unitless),PPG sample 962 at 7.696 seconds from window start
2220,ppg_0963,normalized amplitude (unitless),PPG sample 963 at 7.704 seconds from window start
2221,ppg_0964,normalized amplitude (unitless),PPG sample 964 at 7.712 seconds from window start
2222,ppg_0965,normalized amplitude (unitless),PPG sample 965 at 7.720 seconds from window start
2223,ppg_0966,normalized amplitude (unitless),PPG sample 966 at 7.728 seconds from window start
2224,ppg_0967,normalized amplitude (unitless),PPG sample 967 at 7.736 seconds from window start
2225,ppg_0968,normalized amplitude (unitless),PPG sample 968 at 7.744 seconds from window start
2226,ppg_0969,normalized amplitude (unitless),PPG sample 969 at 7.752 seconds from window start
2227,ppg_0970,normalized amplitude (unitless),PPG sample 970 at 7.760 seconds from window start
2228,ppg_0971,normalized amplitude (unitless),PPG sample 971 at 7.768 seconds from window start
2229,ppg_0972,normalized amplitude (unitless),PPG sample 972 at 7.776 seconds from window start
2230,ppg_0973,normalized amplitude (unitless),PPG sample 973 at 7.784 seconds from window start
2231,ppg_0974,normalized amplitude (unitless),PPG sample 974 at 7.792 seconds from window start
2232,ppg_0975,normalized amplitude (unitless),PPG sample 975 at 7.800 seconds from window start
2233,ppg_0976,normalized amplitude (unitless),PPG sample 976 at 7.808 seconds from window start
2234,ppg_0977,normalized amplitude (unitless),PPG sample 977 at 7.816 seconds from window start
2235,ppg_0978,normalized amplitude (unitless),PPG sample 978 at 7.824 seconds from window start
2236,ppg_0979,normalized amplitude (unitless),PPG sample 979 at 7.832 seconds from window start
2237,ppg_0980,normalized amplitude (unitless),PPG sample 980 at 7.840 seconds from window start
2238,ppg_0981,normalized amplitude (unitless),PPG sample 981 at 7.848 seconds from window start
2239,ppg_0982,normalized amplitude (unitless),PPG sample 982 at 7.856 seconds from window start
2240,ppg_0983,normalized amplitude (unitless),PPG sample 983 at 7.864 seconds from window start
2241,ppg_0984,normalized amplitude (unitless),PPG sample 984 at 7.872 seconds from window start
2242,ppg_0985,normalized amplitude (unitless),PPG sample 985 at 7.880 seconds from window start
2243,ppg_0986,normalized amplitude (unitless),PPG sample 986 at 7.888 seconds from window start
2244,ppg_0987,normalized amplitude (unitless),PPG sample 987 at 7.896 seconds from window start
2245,ppg_0988,normalized amplitude (unitless),PPG sample 988 at 7.904 seconds from window start
2246,ppg_0989,normalized amplitude (unitless),PPG sample 989 at 7.912 seconds from window start
2247,ppg_0990,normalized amplitude (unitless),PPG sample 990 at 7.920 seconds from window start
2248,ppg_0991,normalized amplitude (unitless),PPG sample 991 at 7.928 seconds from window start
2249,ppg_0992,normalized amplitude (unitless),PPG sample 992 at 7.936 seconds from window start
2250,ppg_0993,normalized amplitude (unitless),PPG sample 993 at 7.944 seconds from window start
2251,ppg_0994,normalized amplitude (unitless),PPG sample 994 at 7.952 seconds from window start
2252,ppg_0995,normalized amplitude (unitless),PPG sample 995 at 7.960 seconds from window start
2253,ppg_0996,normalized amplitude (unitless),PPG sample 996 at 7.968 seconds from window start
2254,ppg_0997,normalized amplitude (unitless),PPG sample 997 at 7.976 seconds from window start
2255,ppg_0998,normalized amplitude (unitless),PPG sample 998 at 7.984 seconds from window start
2256,ppg_0999,normalized amplitude (unitless),PPG sample 999 at 7.992 seconds from window start
2257,ppg_1000,normalized amplitude (unitless),PPG sample 1000 at 8.000 seconds from window start
2258,ppg_1001,normalized amplitude (unitless),PPG sample 1001 at 8.008 seconds from window start
2259,ppg_1002,normalized amplitude (unitless),PPG sample 1002 at 8.016 seconds from window start
2260,ppg_1003,normalized amplitude (unitless),PPG sample 1003 at 8.024 seconds from window start
2261,ppg_1004,normalized amplitude (unitless),PPG sample 1004 at 8.032 seconds from window start
2262,ppg_1005,normalized amplitude (unitless),PPG sample 1005 at 8.040 seconds from window start
2263,ppg_1006,normalized amplitude (unitless),PPG sample 1006 at 8.048 seconds from window start
2264,ppg_1007,normalized amplitude (unitless),PPG sample 1007 at 8.056 seconds from window start
2265,ppg_1008,normalized amplitude (unitless),PPG sample 1008 at 8.064 seconds from window start
2266,ppg_1009,normalized amplitude (unitless),PPG sample 1009 at 8.072 seconds from window start
2267,ppg_1010,normalized amplitude (unitless),PPG sample 1010 at 8.080 seconds from window start
2268,ppg_1011,normalized amplitude (unitless),PPG sample 1011 at 8.088 seconds from window start
2269,ppg_1012,normalized amplitude (unitless),PPG sample 1012 at 8.096 seconds from window start
2270,ppg_1013,normalized amplitude (unitless),PPG sample 1013 at 8.104 seconds from window start
2271,ppg_1014,normalized amplitude (unitless),PPG sample 1014 at 8.112 seconds from window start
2272,ppg_1015,normalized amplitude (unitless),PPG sample 1015 at 8.120 seconds from window start
2273,ppg_1016,normalized amplitude (unitless),PPG sample 1016 at 8.128 seconds from window start
2274,ppg_1017,normalized amplitude (unitless),PPG sample 1017 at 8.136 seconds from window start
2275,ppg_1018,normalized amplitude (unitless),PPG sample 1018 at 8.144 seconds from window start
2276,ppg_1019,normalized amplitude (unitless),PPG sample 1019 at 8.152 seconds from window start
2277,ppg_1020,normalized amplitude (unitless),PPG sample 1020 at 8.160 seconds from window start
2278,ppg_1021,normalized amplitude (unitless),PPG sample 1021 at 8.168 seconds from window start
2279,ppg_1022,normalized amplitude (unitless),PPG sample 1022 at 8.176 seconds from window start
2280,ppg_1023,normalized amplitude (unitless),PPG sample 1023 at 8.184 seconds from window start
2281,ppg_1024,normalized amplitude (unitless),PPG sample 1024 at 8.192 seconds from window start
2282,ppg_1025,normalized amplitude (unitless),PPG sample 1025 at 8.200 seconds from window start
2283,ppg_1026,normalized amplitude (unitless),PPG sample 1026 at 8.208 seconds from window start
2284,ppg_1027,normalized amplitude (unitless),PPG sample 1027 at 8.216 seconds from window start
2285,ppg_1028,normalized amplitude (unitless),PPG sample 1028 at 8.224 seconds from window start
2286,ppg_1029,normalized amplitude (unitless),PPG sample 1029 at 8.232 seconds from window start
2287,ppg_1030,normalized amplitude (unitless),PPG sample 1030 at 8.240 seconds from window start
2288,ppg_1031,normalized amplitude (unitless),PPG sample 1031 at 8.248 seconds from window start
2289,ppg_1032,normalized amplitude (unitless),PPG sample 1032 at 8.256 seconds from window start
2290,ppg_1033,normalized amplitude (unitless),PPG sample 1033 at 8.264 seconds from window start
2291,ppg_1034,normalized amplitude (unitless),PPG sample 1034 at 8.272 seconds from window start
2292,ppg_1035,normalized amplitude (unitless),PPG sample 1035 at 8.280 seconds from window start
2293,ppg_1036,normalized amplitude (unitless),PPG sample 1036 at 8.288 seconds from window start
2294,ppg_1037,normalized amplitude (unitless),PPG sample 1037 at 8.296 seconds from window start
2295,ppg_1038,normalized amplitude (unitless),PPG sample 1038 at 8.304 seconds from window start
2296,ppg_1039,normalized amplitude (unitless),PPG sample 1039 at 8.312 seconds from window start
2297,ppg_1040,normalized amplitude (unitless),PPG sample 1040 at 8.320 seconds from window start
2298,ppg_1041,normalized amplitude (unitless),PPG sample 1041 at 8.328 seconds from window start
2299,ppg_1042,normalized amplitude (unitless),PPG sample 1042 at 8.336 seconds from window start
2300,ppg_1043,normalized amplitude (unitless),PPG sample 1043 at 8.344 seconds from window start
2301,ppg_1044,normalized amplitude (unitless),PPG sample 1044 at 8.352 seconds from window start
2302,ppg_1045,normalized amplitude (unitless),PPG sample 1045 at 8.360 seconds from window start
2303,ppg_1046,normalized amplitude (unitless),PPG sample 1046 at 8.368 seconds from window start
2304,ppg_1047,normalized amplitude (unitless),PPG sample 1047 at 8.376 seconds from window start
2305,ppg_1048,normalized amplitude (unitless),PPG sample 1048 at 8.384 seconds from window start
2306,ppg_1049,normalized amplitude (unitless),PPG sample 1049 at 8.392 seconds from window start
2307,ppg_1050,normalized amplitude (unitless),PPG sample 1050 at 8.400 seconds from window start
2308,ppg_1051,normalized amplitude (unitless),PPG sample 1051 at 8.408 seconds from window start
2309,ppg_1052,normalized amplitude (unitless),PPG sample 1052 at 8.416 seconds from window start
2310,ppg_1053,normalized amplitude (unitless),PPG sample 1053 at 8.424 seconds from window start
2311,ppg_1054,normalized amplitude (unitless),PPG sample 1054 at 8.432 seconds from window start
2312,ppg_1055,normalized amplitude (unitless),PPG sample 1055 at 8.440 seconds from window start
2313,ppg_1056,normalized amplitude (unitless),PPG sample 1056 at 8.448 seconds from window start
2314,ppg_1057,normalized amplitude (unitless),PPG sample 1057 at 8.456 seconds from window start
2315,ppg_1058,normalized amplitude (unitless),PPG sample 1058 at 8.464 seconds from window start
2316,ppg_1059,normalized amplitude (unitless),PPG sample 1059 at 8.472 seconds from window start
2317,ppg_1060,normalized amplitude (unitless),PPG sample 1060 at 8.480 seconds from window start
2318,ppg_1061,normalized amplitude (unitless),PPG sample 1061 at 8.488 seconds from window start
2319,ppg_1062,normalized amplitude (unitless),PPG sample 1062 at 8.496 seconds from window start
2320,ppg_1063,normalized amplitude (unitless),PPG sample 1063 at 8.504 seconds from window start
2321,ppg_1064,normalized amplitude (unitless),PPG sample 1064 at 8.512 seconds from window start
2322,ppg_1065,normalized amplitude (unitless),PPG sample 1065 at 8.520 seconds from window start
2323,ppg_1066,normalized amplitude (unitless),PPG sample 1066 at 8.528 seconds from window start
2324,ppg_1067,normalized amplitude (unitless),PPG sample 1067 at 8.536 seconds from window start
2325,ppg_1068,normalized amplitude (unitless),PPG sample 1068 at 8.544 seconds from window start
2326,ppg_1069,normalized amplitude (unitless),PPG sample 1069 at 8.552 seconds from window start
2327,ppg_1070,normalized amplitude (unitless),PPG sample 1070 at 8.560 seconds from window start
2328,ppg_1071,normalized amplitude (unitless),PPG sample 1071 at 8.568 seconds from window start
2329,ppg_1072,normalized amplitude (unitless),PPG sample 1072 at 8.576 seconds from window start
2330,ppg_1073,normalized amplitude (unitless),PPG sample 1073 at 8.584 seconds from window start
2331,ppg_1074,normalized amplitude (unitless),PPG sample 1074 at 8.592 seconds from window start
2332,ppg_1075,normalized amplitude (unitless),PPG sample 1075 at 8.600 seconds from window start
2333,ppg_1076,normalized amplitude (unitless),PPG sample 1076 at 8.608 seconds from window start
2334,ppg_1077,normalized amplitude (unitless),PPG sample 1077 at 8.616 seconds from window start
2335,ppg_1078,normalized amplitude (unitless),PPG sample 1078 at 8.624 seconds from window start
2336,ppg_1079,normalized amplitude (unitless),PPG sample 1079 at 8.632 seconds from window start
2337,ppg_1080,normalized amplitude (unitless),PPG sample 1080 at 8.640 seconds from window start
2338,ppg_1081,normalized amplitude (unitless),PPG sample 1081 at 8.648 seconds from window start
2339,ppg_1082,normalized amplitude (unitless),PPG sample 1082 at 8.656 seconds from window start
2340,ppg_1083,normalized amplitude (unitless),PPG sample 1083 at 8.664 seconds from window start
2341,ppg_1084,normalized amplitude (unitless),PPG sample 1084 at 8.672 seconds from window start
2342,ppg_1085,normalized amplitude (unitless),PPG sample 1085 at 8.680 seconds from window start
2343,ppg_1086,normalized amplitude (unitless),PPG sample 1086 at 8.688 seconds from window start
2344,ppg_1087,normalized amplitude (unitless),PPG sample 1087 at 8.696 seconds from window start
2345,ppg_1088,normalized amplitude (unitless),PPG sample 1088 at 8.704 seconds from window start
2346,ppg_1089,normalized amplitude (unitless),PPG sample 1089 at 8.712 seconds from window start
2347,ppg_1090,normalized amplitude (unitless),PPG sample 1090 at 8.720 seconds from window start
2348,ppg_1091,normalized amplitude (unitless),PPG sample 1091 at 8.728 seconds from window start
2349,ppg_1092,normalized amplitude (unitless),PPG sample 1092 at 8.736 seconds from window start
2350,ppg_1093,normalized amplitude (unitless),PPG sample 1093 at 8.744 seconds from window start
2351,ppg_1094,normalized amplitude (unitless),PPG sample 1094 at 8.752 seconds from window start
2352,ppg_1095,normalized amplitude (unitless),PPG sample 1095 at 8.760 seconds from window start
2353,ppg_1096,normalized amplitude (unitless),PPG sample 1096 at 8.768 seconds from window start
2354,ppg_1097,normalized amplitude (unitless),PPG sample 1097 at 8.776 seconds from window start
2355,ppg_1098,normalized amplitude (unitless),PPG sample 1098 at 8.784 seconds from window start
2356,ppg_1099,normalized amplitude (unitless),PPG sample 1099 at 8.792 seconds from window start
2357,ppg_1100,normalized amplitude (unitless),PPG sample 1100 at 8.800 seconds from window start
2358,ppg_1101,normalized amplitude (unitless),PPG sample 1101 at 8.808 seconds from window start
2359,ppg_1102,normalized amplitude (unitless),PPG sample 1102 at 8.816 seconds from window start
2360,ppg_1103,normalized amplitude (unitless),PPG sample 1103 at 8.824 seconds from window start
2361,ppg_1104,normalized amplitude (unitless),PPG sample 1104 at 8.832 seconds from window start
2362,ppg_1105,normalized amplitude (unitless),PPG sample 1105 at 8.840 seconds from window start
2363,ppg_1106,normalized amplitude (unitless),PPG sample 1106 at 8.848 seconds from window start
2364,ppg_1107,normalized amplitude (unitless),PPG sample 1107 at 8.856 seconds from window start
2365,ppg_1108,normalized amplitude (unitless),PPG sample 1108 at 8.864 seconds from window start
2366,ppg_1109,normalized amplitude (unitless),PPG sample 1109 at 8.872 seconds from window start
2367,ppg_1110,normalized amplitude (unitless),PPG sample 1110 at 8.880 seconds from window start
2368,ppg_1111,normalized amplitude (unitless),PPG sample 1111 at 8.888 seconds from window start
2369,ppg_1112,normalized amplitude (unitless),PPG sample 1112 at 8.896 seconds from window start
2370,ppg_1113,normalized amplitude (unitless),PPG sample 1113 at 8.904 seconds from window start
2371,ppg_1114,normalized amplitude (unitless),PPG sample 1114 at 8.912 seconds from window start
2372,ppg_1115,normalized amplitude (unitless),PPG sample 1115 at 8.920 seconds from window start
2373,ppg_1116,normalized amplitude (unitless),PPG sample 1116 at 8.928 seconds from window start
2374,ppg_1117,normalized amplitude (unitless),PPG sample 1117 at 8.936 seconds from window start
2375,ppg_1118,normalized amplitude (unitless),PPG sample 1118 at 8.944 seconds from window start
2376,ppg_1119,normalized amplitude (unitless),PPG sample 1119 at 8.952 seconds from window start
2377,ppg_1120,normalized amplitude (unitless),PPG sample 1120 at 8.960 seconds from window start
2378,ppg_1121,normalized amplitude (unitless),PPG sample 1121 at 8.968 seconds from window start
2379,ppg_1122,normalized amplitude (unitless),PPG sample 1122 at 8.976 seconds from window start
2380,ppg_1123,normalized amplitude (unitless),PPG sample 1123 at 8.984 seconds from window start
2381,ppg_1124,normalized amplitude (unitless),PPG sample 1124 at 8.992 seconds from window start
2382,ppg_1125,normalized amplitude (unitless),PPG sample 1125 at 9.000 seconds from window start
2383,ppg_1126,normalized amplitude (unitless),PPG sample 1126 at 9.008 seconds from window start
2384,ppg_1127,normalized amplitude (unitless),PPG sample 1127 at 9.016 seconds from window start
2385,ppg_1128,normalized amplitude (unitless),PPG sample 1128 at 9.024 seconds from window start
2386,ppg_1129,normalized amplitude (unitless),PPG sample 1129 at 9.032 seconds from window start
2387,ppg_1130,normalized amplitude (unitless),PPG sample 1130 at 9.040 seconds from window start
2388,ppg_1131,normalized amplitude (unitless),PPG sample 1131 at 9.048 seconds from window start
2389,ppg_1132,normalized amplitude (unitless),PPG sample 1132 at 9.056 seconds from window start
2390,ppg_1133,normalized amplitude (unitless),PPG sample 1133 at 9.064 seconds from window start
2391,ppg_1134,normalized amplitude (unitless),PPG sample 1134 at 9.072 seconds from window start
2392,ppg_1135,normalized amplitude (unitless),PPG sample 1135 at 9.080 seconds from window start
2393,ppg_1136,normalized amplitude (unitless),PPG sample 1136 at 9.088 seconds from window start
2394,ppg_1137,normalized amplitude (unitless),PPG sample 1137 at 9.096 seconds from window start
2395,ppg_1138,normalized amplitude (unitless),PPG sample 1138 at 9.104 seconds from window start
2396,ppg_1139,normalized amplitude (unitless),PPG sample 1139 at 9.112 seconds from window start
2397,ppg_1140,normalized amplitude (unitless),PPG sample 1140 at 9.120 seconds from window start
2398,ppg_1141,normalized amplitude (unitless),PPG sample 1141 at 9.128 seconds from window start
2399,ppg_1142,normalized amplitude (unitless),PPG sample 1142 at 9.136 seconds from window start
2400,ppg_1143,normalized amplitude (unitless),PPG sample 1143 at 9.144 seconds from window start
2401,ppg_1144,normalized amplitude (unitless),PPG sample 1144 at 9.152 seconds from window start
2402,ppg_1145,normalized amplitude (unitless),PPG sample 1145 at 9.160 seconds from window start
2403,ppg_1146,normalized amplitude (unitless),PPG sample 1146 at 9.168 seconds from window start
2404,ppg_1147,normalized amplitude (unitless),PPG sample 1147 at 9.176 seconds from window start
2405,ppg_1148,normalized amplitude (unitless),PPG sample 1148 at 9.184 seconds from window start
2406,ppg_1149,normalized amplitude (unitless),PPG sample 1149 at 9.192 seconds from window start
2407,ppg_1150,normalized amplitude (unitless),PPG sample 1150 at 9.200 seconds from window start
2408,ppg_1151,normalized amplitude (unitless),PPG sample 1151 at 9.208 seconds from window start
2409,ppg_1152,normalized amplitude (unitless),PPG sample 1152 at 9.216 seconds from window start
2410,ppg_1153,normalized amplitude (unitless),PPG sample 1153 at 9.224 seconds from window start
2411,ppg_1154,normalized amplitude (unitless),PPG sample 1154 at 9.232 seconds from window start
2412,ppg_1155,normalized amplitude (unitless),PPG sample 1155 at 9.240 seconds from window start
2413,ppg_1156,normalized amplitude (unitless),PPG sample 1156 at 9.248 seconds from window start
2414,ppg_1157,normalized amplitude (unitless),PPG sample 1157 at 9.256 seconds from window start
2415,ppg_1158,normalized amplitude (unitless),PPG sample 1158 at 9.264 seconds from window start
2416,ppg_1159,normalized amplitude (unitless),PPG sample 1159 at 9.272 seconds from window start
2417,ppg_1160,normalized amplitude (unitless),PPG sample 1160 at 9.280 seconds from window start
2418,ppg_1161,normalized amplitude (unitless),PPG sample 1161 at 9.288 seconds from window start
2419,ppg_1162,normalized amplitude (unitless),PPG sample 1162 at 9.296 seconds from window start
2420,ppg_1163,normalized amplitude (unitless),PPG sample 1163 at 9.304 seconds from window start
2421,ppg_1164,normalized amplitude (unitless),PPG sample 1164 at 9.312 seconds from window start
2422,ppg_1165,normalized amplitude (unitless),PPG sample 1165 at 9.320 seconds from window start
2423,ppg_1166,normalized amplitude (unitless),PPG sample 1166 at 9.328 seconds from window start
2424,ppg_1167,normalized amplitude (unitless),PPG sample 1167 at 9.336 seconds from window start
2425,ppg_1168,normalized amplitude (unitless),PPG sample 1168 at 9.344 seconds from window start
2426,ppg_1169,normalized amplitude (unitless),PPG sample 1169 at 9.352 seconds from window start
2427,ppg_1170,normalized amplitude (unitless),PPG sample 1170 at 9.360 seconds from window start
2428,ppg_1171,normalized amplitude (unitless),PPG sample 1171 at 9.368 seconds from window start
2429,ppg_1172,normalized amplitude (unitless),PPG sample 1172 at 9.376 seconds from window start
2430,ppg_1173,normalized amplitude (unitless),PPG sample 1173 at 9.384 seconds from window start
2431,ppg_1174,normalized amplitude (unitless),PPG sample 1174 at 9.392 seconds from window start
2432,ppg_1175,normalized amplitude (unitless),PPG sample 1175 at 9.400 seconds from window start
2433,ppg_1176,normalized amplitude (unitless),PPG sample 1176 at 9.408 seconds from window start
2434,ppg_1177,normalized amplitude (unitless),PPG sample 1177 at 9.416 seconds from window start
2435,ppg_1178,normalized amplitude (unitless),PPG sample 1178 at 9.424 seconds from window start
2436,ppg_1179,normalized amplitude (unitless),PPG sample 1179 at 9.432 seconds from window start
2437,ppg_1180,normalized amplitude (unitless),PPG sample 1180 at 9.440 seconds from window start
2438,ppg_1181,normalized amplitude (unitless),PPG sample 1181 at 9.448 seconds from window start
2439,ppg_1182,normalized amplitude (unitless),PPG sample 1182 at 9.456 seconds from window start
2440,ppg_1183,normalized amplitude (unitless),PPG sample 1183 at 9.464 seconds from window start
2441,ppg_1184,normalized amplitude (unitless),PPG sample 1184 at 9.472 seconds from window start
2442,ppg_1185,normalized amplitude (unitless),PPG sample 1185 at 9.480 seconds from window start
2443,ppg_1186,normalized amplitude (unitless),PPG sample 1186 at 9.488 seconds from window start
2444,ppg_1187,normalized amplitude (unitless),PPG sample 1187 at 9.496 seconds from window start
2445,ppg_1188,normalized amplitude (unitless),PPG sample 1188 at 9.504 seconds from window start
2446,ppg_1189,normalized amplitude (unitless),PPG sample 1189 at 9.512 seconds from window start
2447,ppg_1190,normalized amplitude (unitless),PPG sample 1190 at 9.520 seconds from window start
2448,ppg_1191,normalized amplitude (unitless),PPG sample 1191 at 9.528 seconds from window start
2449,ppg_1192,normalized amplitude (unitless),PPG sample 1192 at 9.536 seconds from window start
2450,ppg_1193,normalized amplitude (unitless),PPG sample 1193 at 9.544 seconds from window start
2451,ppg_1194,normalized amplitude (unitless),PPG sample 1194 at 9.552 seconds from window start
2452,ppg_1195,normalized amplitude (unitless),PPG sample 1195 at 9.560 seconds from window start
2453,ppg_1196,normalized amplitude (unitless),PPG sample 1196 at 9.568 seconds from window start
2454,ppg_1197,normalized amplitude (unitless),PPG sample 1197 at 9.576 seconds from window start
2455,ppg_1198,normalized amplitude (unitless),PPG sample 1198 at 9.584 seconds from window start
2456,ppg_1199,normalized amplitude (unitless),PPG sample 1199 at 9.592 seconds from window start
2457,ppg_1200,normalized amplitude (unitless),PPG sample 1200 at 9.600 seconds from window start
2458,ppg_1201,normalized amplitude (unitless),PPG sample 1201 at 9.608 seconds from window start
2459,ppg_1202,normalized amplitude (unitless),PPG sample 1202 at 9.616 seconds from window start
2460,ppg_1203,normalized amplitude (unitless),PPG sample 1203 at 9.624 seconds from window start
2461,ppg_1204,normalized amplitude (unitless),PPG sample 1204 at 9.632 seconds from window start
2462,ppg_1205,normalized amplitude (unitless),PPG sample 1205 at 9.640 seconds from window start
2463,ppg_1206,normalized amplitude (unitless),PPG sample 1206 at 9.648 seconds from window start
2464,ppg_1207,normalized amplitude (unitless),PPG sample 1207 at 9.656 seconds from window start
2465,ppg_1208,normalized amplitude (unitless),PPG sample 1208 at 9.664 seconds from window start
2466,ppg_1209,normalized amplitude (unitless),PPG sample 1209 at 9.672 seconds from window start
2467,ppg_1210,normalized amplitude (unitless),PPG sample 1210 at 9.680 seconds from window start
2468,ppg_1211,normalized amplitude (unitless),PPG sample 1211 at 9.688 seconds from window start
2469,ppg_1212,normalized amplitude (unitless),PPG sample 1212 at 9.696 seconds from window start
2470,ppg_1213,normalized amplitude (unitless),PPG sample 1213 at 9.704 seconds from window start
2471,ppg_1214,normalized amplitude (unitless),PPG sample 1214 at 9.712 seconds from window start
2472,ppg_1215,normalized amplitude (unitless),PPG sample 1215 at 9.720 seconds from window start
2473,ppg_1216,normalized amplitude (unitless),PPG sample 1216 at 9.728 seconds from window start
2474,ppg_1217,normalized amplitude (unitless),PPG sample 1217 at 9.736 seconds from window start
2475,ppg_1218,normalized amplitude (unitless),PPG sample 1218 at 9.744 seconds from window start
2476,ppg_1219,normalized amplitude (unitless),PPG sample 1219 at 9.752 seconds from window start
2477,ppg_1220,normalized amplitude (unitless),PPG sample 1220 at 9.760 seconds from window start
2478,ppg_1221,normalized amplitude (unitless),PPG sample 1221 at 9.768 seconds from window start
2479,ppg_1222,normalized amplitude (unitless),PPG sample 1222 at 9.776 seconds from window start
2480,ppg_1223,normalized amplitude (unitless),PPG sample 1223 at 9.784 seconds from window start
2481,ppg_1224,normalized amplitude (unitless),PPG sample 1224 at 9.792 seconds from window start
2482,ppg_1225,normalized amplitude (unitless),PPG sample 1225 at 9.800 seconds from window start
2483,ppg_1226,normalized amplitude (unitless),PPG sample 1226 at 9.808 seconds from window start
2484,ppg_1227,normalized amplitude (unitless),PPG sample 1227 at 9.816 seconds from window start
2485,ppg_1228,normalized amplitude (unitless),PPG sample 1228 at 9.824 seconds from window start
2486,ppg_1229,normalized amplitude (unitless),PPG sample 1229 at 9.832 seconds from window start
2487,ppg_1230,normalized amplitude (unitless),PPG sample 1230 at 9.840 seconds from window start
2488,ppg_1231,normalized amplitude (unitless),PPG sample 1231 at 9.848 seconds from window start
2489,ppg_1232,normalized amplitude (unitless),PPG sample 1232 at 9.856 seconds from window start
2490,ppg_1233,normalized amplitude (unitless),PPG sample 1233 at 9.864 seconds from window start
2491,ppg_1234,normalized amplitude (unitless),PPG sample 1234 at 9.872 seconds from window start
2492,ppg_1235,normalized amplitude (unitless),PPG sample 1235 at 9.880 seconds from window start
2493,ppg_1236,normalized amplitude (unitless),PPG sample 1236 at 9.888 seconds from window start
2494,ppg_1237,normalized amplitude (unitless),PPG sample 1237 at 9.896 seconds from window start
2495,ppg_1238,normalized amplitude (unitless),PPG sample 1238 at 9.904 seconds from window start
2496,ppg_1239,normalized amplitude (unitless),PPG sample 1239 at 9.912 seconds from window start
2497,ppg_1240,normalized amplitude (unitless),PPG sample 1240 at 9.920 seconds from window start
2498,ppg_1241,normalized amplitude (unitless),PPG sample 1241 at 9.928 seconds from window start
2499,ppg_1242,normalized amplitude (unitless),PPG sample 1242 at 9.936 seconds from window start
2500,ppg_1243,normalized amplitude (unitless),PPG sample 1243 at 9.944 seconds from window start
2501,ppg_1244,normalized amplitude (unitless),PPG sample 1244 at 9.952 seconds from window start
2502,ppg_1245,normalized amplitude (unitless),PPG sample 1245 at 9.960 seconds from window start
2503,ppg_1246,normalized amplitude (unitless),PPG sample 1246 at 9.968 seconds from window start
2504,ppg_1247,normalized amplitude (unitless),PPG sample 1247 at 9.976 seconds from window start
2505,ppg_1248,normalized amplitude (unitless),PPG sample 1248 at 9.984 seconds from window start
2506,ppg_1249,normalized amplitude (unitless),PPG sample 1249 at 9.992 seconds from window start
